,cas,MolWeight
0,10108-64-2,183.318
1,88-30-2,207.10677
2,1397-94-0,548.6252
3,25474-41-3,
4,540-72-7,81.072169
5,72-43-5,345.6481
6,2921-88-2,350.586302
7,19902-04-6,333.5562
8,7757-82-6,142.042139
9,7758-98-7,159.6086
10,87-86-5,266.33654
11,12642-13-6,
12,1918-13-4,206.0923
13,13746-66-2,329.2443
14,1563-66-2,221.2524
15,17109-36-3,397.2572
16,93-15-2,178.22766
17,63-25-2,201.22124
18,42615-29-2,348.4751
19,52-68-6,257.436682
20,50-29-3,354.48626
21,57-12-5,26.018
22,30560-19-1,183.165862
23,504-24-5,94.11454
24,72-20-8,380.90932
25,79-57-2,460.43396
26,8018-01-7,541.045725
27,900-95-8,409.06572
28,90-15-3,144.16992
29,7761-88-8,169.8731
30,35367-38-5,310.683266
31,8027-85-8,370.9562
32,7783-06-4,34.08088
33,76930-58-0,264.1901
34,12789-03-6,409.77864
35,13410-01-0,188.937139
36,1918-00-9,221.03744
37,22781-23-3,223.22522
38,540-88-5,116.15828
39,88-85-7,240.21268
40,3383-96-8,466.468924
41,7778-50-9,294.1846
42,121-82-4,222.11634
43,35400-43-2,322.446822
44,77-75-8,98.143
45,10124-36-4,208.4736
46,10043-52-4,110.984
47,732-11-6,317.321042
48,83-79-4,394.41718
49,75-99-0,142.96866
50,7440-50-8,63.546
51,55406-53-6,281.0928
52,68951-67-7,
53,608-73-1,290.8314
54,27344-41-8,562.564339
55,121-75-5,330.358022
56,10102-06-4,396.05339
57,96638-72-1,
58,148-79-8,201.24768
59,64618-68-4,
60,1897-45-6,265.911
61,81406-37-3,367.2469
62,13171-21-6,299.688322
63,7681-52-9,74.442
64,78-99-9,112.98574
65,188023-86-1,
66,1194-65-6,172.01142
67,52315-07-8,416.29716
68,298-46-4,236.26858
69,7447-39-4,134.452
70,94-75-7,221.03744
71,50-00-0,30.02598
72,107-06-2,98.95916
73,21609-90-5,412.066062
74,100-70-9,104.10936
75,142-71-2,181.63404
76,7439-97-6,200.59
77,84-65-1,208.21212
78,121-33-5,152.14732
79,143-33-9,49.007169
80,22936-75-0,255.38294
81,10599-90-3,51.47558
82,81-81-2,308.32794
83,8001-35-2,411.7972
84,333-20-0,97.1807
85,481-39-0,174.15284
86,7487-94-7,271.496
87,8005-78-5,461.39074
88,1982-47-4,290.7448
89,111-27-3,102.17476
90,7733-02-0,161.4426
91,7646-85-7,136.296
92,40487-42-1,281.30766
93,67375-30-8,416.30300000000005
94,75-91-2,90.121
95,708-76-9,182.1733
96,106-48-9,128.5563
97,1420-04-8,388.2027
98,2212-67-1,187.30238
99,315-18-4,222.28352
100,111-90-0,134.17356
101,1344-67-8,98.999
102,7773-06-0,114.12424
103,16752-77-5,162.2101
104,51-28-5,184.10636
105,140-66-9,206.32388
106,1929-73-3,321.19632
107,9002-92-0,230.3898
108,206-44-0,202.2506
109,67-66-3,119.37764
110,78-48-8,314.510942
111,299-84-3,321.545082
112,37262-61-6,342.434
113,7786-81-4,154.756
114,7664-41-7,17.03052
115,115-29-7,406.92514
116,55-38-9,278.328062
117,77-47-4,272.7715
118,5064-31-3,257.084248
119,10099-74-8,331.2098
120,12125-02-9,53.492
121,142-28-9,112.98574
122,10343-61-0,383.9728
123,11096-82-5,360.8816
124,91-20-3,128.17052
125,7440-43-9,112.411
126,584-79-2,302.40794
127,76-44-8,373.3177
128,100-02-7,139.1088
129,4214-79-3,129.54436
130,2499-95-8,156.22214
131,629-97-0,310.61
132,148-53-8,152.14732
133,60-57-1,380.9126
134,71-36-3,74.1216
135,128-37-0,220.35046
136,42576-02-3,342.13096
137,39289-94-6,
138,2008-39-1,266.12112
139,10453-86-8,338.44004
140,1071-83-6,169.073082
141,15299-99-7,271.35414
142,126-33-0,120.17012
143,298-00-0,263.207462
144,151-50-8,65.1157
145,75-09-2,84.93258
146,60-51-5,229.257442
147,38641-94-0,228.183342
148,93-72-1,269.50908
149,57213-69-1,357.6637
150,86-74-8,167.20656
151,1582-09-8,335.27905
152,1445-75-6,180.181842
153,141-78-6,88.10512
154,63231-50-5,
155,108-88-3,92.13842
156,52645-53-1,391.2877
157,66330-88-9,228.1119
158,120-80-9,110.11064
159,143-50-0,490.6364
160,133-06-2,300.58932
161,80-06-8,267.15048
162,7647-14-5,58.442769
163,122-14-5,277.234042
164,12672-29-6,291.9914
165,34128-01-3,258.069008
166,112-56-1,203.30178
167,7784-46-5,129.910169
168,10042-84-9,213.120589
169,3251-23-8,187.5558
170,111-15-9,132.15768
171,54-64-8,404.811329
172,127-65-1,227.643749
173,626201-67-0,
174,333-41-5,304.345502
175,771-60-8,183.078796
176,120-83-2,163.00136
177,87-68-3,260.7608
178,58-89-9,290.82984
179,7446-18-6,504.8292
180,2032-59-9,208.25694
181,2540-82-1,257.267542
182,1192-89-8,357.5979
183,56-38-2,291.260622
184,5137-55-3,404.15596
185,56-23-5,153.8227
186,84-74-2,278.34348
187,52918-63-5,505.19916
188,27554-26-3,390.55612
189,542-75-6,110.96986
190,28249-77-6,257.77954
191,16090-02-1,924.914859
192,57-74-9,409.7814
193,104-40-5,220.35046
194,39515-41-8,349.42292
195,134-20-3,151.16256
196,98-01-1,96.08406
197,13071-79-9,288.430602
198,9016-45-9,308.46
199,569-64-2,364.911
200,7789-00-6,194.1903
201,126-72-7,697.610762
202,111-42-2,105.13564
203,90-12-0,142.1971
204,56-35-9,596.10496
205,60617-06-3,
206,120-18-3,208.23372
207,78-90-0,74.1249
208,71-43-2,78.11184
209,302-01-2,32.04516
210,65954-19-0,240.38162
211,12680-48-7,161.9731
212,1746-81-2,214.64884
213,2163-80-6,161.952029
214,709-98-8,218.07986
215,60-29-7,74.1216
216,141112-29-0,359.3193
217,301-04-2,325.28804
218,68333-79-9,
219,26259-45-0,225.29076
220,5915-41-3,229.70984
221,25171-63-5,201.2428
222,7439-89-6,55.845
223,29450-45-1,312.8357
224,55335-06-3,256.47056
225,101-20-2,315.58236
226,1910-42-5,257.15896
227,51630-58-1,419.90008
228,1320-18-9,335.2266
229,56996-80-6,
230,123-31-9,110.11064
231,7440-66-6,65.38
232,13593-03-8,298.297862
233,85-00-7,344.04508
234,86-50-0,317.324342
235,124-65-2,159.979209
236,14986-84-6,469.825864
237,950-37-8,302.331302
238,89-83-8,150.21756
239,131-52-2,288.318369
240,70-38-2,286.40854
241,101200-48-0,395.39038
242,7632-00-0,68.995269
243,6515-38-4,198.43448
244,1678-91-7,112.21264
245,597-64-8,234.9544
246,3648-20-2,474.7156
247,51235-04-2,252.3128
248,72574-95-9,
249,577-85-5,238.2381
250,105-67-9,122.1644
251,26002-80-2,350.45074
252,101-05-3,275.5218
253,100473-08-3,
254,5234-68-4,235.30212
255,3766-81-2,207.26888
256,95-50-1,147.00196
257,10102-18-8,172.937739
258,6491-02-7,292.6781
259,109-97-7,67.0892
260,151-21-3,288.379269
261,120068-37-3,437.1462
262,8002-13-9,
263,9002-93-1,250.37644
264,7647-15-6,102.893769
265,7782-49-2,78.96
266,122-88-3,186.59238
267,94-82-6,249.0906
268,8003-34-7,
269,57571-05-8,
270,94-80-4,277.14376
271,108-90-7,112.5569
272,2597-03-7,320.364742
273,50-28-2,272.38196
274,13517-11-8,96.91134
275,122-34-9,201.65668
276,7803-55-6,116.97816
277,42087-80-9,215.5927
278,4180-12-5,123.5984
279,1912-24-9,215.68326
280,10031-82-0,150.1745
281,7700-17-6,314.270822
282,4404-43-7,916.982
283,95-76-1,162.0166
284,117718-60-2,396.375396
285,14484-64-1,416.49432
286,10325-94-7,236.4208
287,127-18-4,165.8334
288,534-22-5,82.10054
289,100-52-7,106.12194
290,39403-84-4,
291,39148-24-8,351.0819
292,122-42-9,179.21572
293,15972-60-8,269.7671
294,115-96-8,285.489842
295,108-95-2,94.11124
296,2164-17-2,232.20235
297,120-82-1,181.44702
298,82-68-8,295.3347
299,5827-05-4,304.430002
300,67-72-1,236.7394
301,152-16-9,286.248684
302,2032-65-7,225.3073
303,330-54-1,233.0945
304,129630-19-9,413.1799
305,1330-69-4,
306,7446-08-4,110.9588
307,7789-09-5,252.06492
308,74665-86-4,
309,11121-48-5,1049.8588
310,106-89-8,92.5242
311,25954-13-6,170.104202
312,8030-30-6,
313,319-84-6,290.8314
314,95-95-4,197.44642
315,7790-92-3,52.46034
316,7723-14-0,30.973761
317,287967-89-9,
318,66230-04-4,419.9067
319,7722-64-7,158.033945
320,119446-68-3,406.26258
321,7631-99-4,84.994669
322,2310-17-0,367.808562
323,7440-22-4,107.8682
324,2896-70-0,170.2309
325,95312-94-0,
326,111-87-5,130.22792
327,23564-05-8,342.39396
328,3772-94-9,448.63902
329,3084-62-6,369.6717
330,141-43-5,61.08308
331,834-12-8,227.32978
332,2439-10-3,287.44142
333,33125-97-2,244.28904
334,84852-15-3,220.354
335,25155-30-0,
336,111-55-7,146.1412
337,93-91-4,162.1852
338,108-87-2,98.18606
339,62-73-7,220.975742
340,115-86-6,326.283062
341,55285-14-8,380.54468
342,556-67-2,296.61576
343,7782-86-7,280.6101
344,156410-04-7,
345,65996-94-3,78.972
346,7778-54-3,142.9828
347,12407-86-2,193.2423
348,78-34-2,456.538764
349,68424-85-1,368.0445
350,8067-49-0,
351,36734-19-7,330.16662
352,12772-06-4,
353,9006-42-2,275.7248
354,288-88-0,69.06532
355,51218-45-2,283.79368
356,58-90-2,231.89148
357,80-62-6,100.11582
358,1420-06-0,329.4408
359,80-05-7,228.28634
360,2117-11-5,84.11642
361,106-46-7,147.00196
362,56-72-4,362.765602
363,39278-82-5,
364,1120-01-0,328.4847
365,61791-26-2,
366,121-14-2,182.13354
367,66594-31-8,
368,71-23-8,60.09502
369,2164-07-0,262.34272
370,2545-59-7,355.64138
371,37353-63-2,
372,110-83-8,82.1436
373,147150-35-4,429.8096
374,2425-06-1,349.06096
375,7783-20-2,132.13952
376,5903-13-9,217.238883
377,56902-08-0,
378,117-81-7,390.55612
379,1918-02-1,241.45922
380,3825-26-1,431.098908
381,7697-37-2,63.01284
382,1313-82-2,78.047
383,1330-20-7,106.167
384,41198-08-7,373.630762
385,99-65-0,168.10696
386,116580-64-4,
387,3698-83-7,236.99708
388,14214-89-2,259.1297
389,142-87-0,260.326109
390,115-32-2,370.48566
391,88-72-2,137.13598
392,7787-47-5,79.918182
393,94-09-7,165.18914
394,1303-28-2,229.8402
395,23210-56-2,325.44458
396,465-73-6,364.9132
397,118-74-1,284.7822
398,1191-50-0,316.4305
399,608-71-9,488.59154
400,177256-67-6,
401,1918-16-7,211.68796
402,137-26-8,240.43288
403,118-96-7,227.1311
404,55-63-0,227.0865
405,87392-12-9,283.79368
406,75139-62-7,
407,66332-96-5,323.30965
408,63449-39-8,545.3296
409,52769-87-6,
410,924-41-4,98.143
411,84-75-3,334.4498
412,1327-53-3,197.8414
413,93-76-5,255.4825
414,110-91-8,87.12036
415,4685-14-7,186.25296
416,59756-60-4,329.31577
417,6203-18-5,175.22702
418,60207-90-1,342.22038
419,2698-41-1,188.6131
420,2008-41-5,217.37142
421,408-27-5,148.218383
422,126-73-8,266.314142
423,13360-45-7,293.5449
424,556-88-7,104.06806
425,3861-41-4,347.0056
426,91-53-2,217.30676
427,107-64-2,586.5015
428,2104-64-5,323.304022
429,538-68-1,148.24474
430,75-01-4,62.49822
431,7775-09-9,106.440969
432,127-66-2,146.1858
433,7757-79-1,101.102
434,858954-83-3,
435,75-35-4,96.94328
436,13411-16-0,246.2188
437,7782-50-5,70.906
438,13510-49-1,105.074782
439,75139-61-6,
440,7758-19-2,90.441569
441,3648-36-0,389.36124
442,11097-69-1,326.4365
443,115-09-3,251.07752
444,2655-19-8,263.3752
445,13463-67-7,79.8658
446,14798-03-9,18.039
447,53404-31-2,335.2229
448,124-63-0,114.55132
449,61-82-5,84.07996
450,309-00-2,364.90992
451,1129-41-5,165.18914
452,95-01-2,138.12074
453,1336-21-6,35.0458
454,57-14-7,60.09832
455,7446-70-0,133.341
456,13181-17-4,461.01918
457,1314-62-1,181.88
458,136-25-4,366.45236
459,19937-59-8,228.67542
460,95-51-2,127.57154
461,81-88-9,479.01034
462,1305-62-0,74.09268
463,2223-93-0,679.3496
464,62-38-4,336.73792
465,67564-91-4,303.48212
466,3691-35-8,374.8164
467,205650-65-3,
468,3737-09-5,339.47446
469,541-73-1,147.00196
470,150-68-5,198.64944
471,110-86-1,79.0999
472,8066-11-3,471.0655
473,75-21-8,44.05256
474,563-12-2,384.476104
475,98-06-6,134.21816
476,140-41-0,362.03658
477,94-81-5,228.67212
478,64-75-5,480.8955
479,7440-47-3,51.9961
480,96300-97-9,694.6561
481,37264-94-1,
482,4136-91-8,352.6286
483,10028-22-5,399.8778
484,549-18-8,313.86426
485,62-53-3,93.12648
486,504-20-1,138.20686
487,1929-82-4,230.90672
488,118-55-8,214.2167
489,121-73-3,157.55446
490,11067-81-5,318.43
491,2274-99-9,
492,1740-19-8,300.43512
493,125401-92-5,
494,51338-27-3,341.18596
495,98-95-3,123.1094
496,27774-13-6,163.0035
497,26264-06-2,
498,81334-34-1,261.2765
499,97-53-0,164.20108
500,15687-27-1,206.28082
501,77-73-6,132.20228
502,298-02-2,260.377442
503,106-47-8,127.57154
504,71706-07-5,
505,8001-54-5,
506,50-31-7,225.45652
507,13909-73-4,210.22646
508,79983-71-4,314.21028
509,108-05-4,86.08924
510,13826-65-8,299.211
511,55268-74-1,312.40606
512,5829-48-1,353.3714
513,680-31-9,179.200382
514,506-87-6,96.08582
515,4901-51-3,231.89148
516,114-07-8,733.92678
517,91-64-5,146.14274
518,2058-46-0,496.8949
519,52623-84-4,172.240539
520,1310-73-2,39.997109
521,88-89-1,229.10392
522,79-01-6,131.38834
523,17804-35-2,290.31772
524,13389-42-9,112.216
525,27619-97-2,428.167742
526,16721-80-5,56.062709
527,7786-34-7,224.148282
528,107-13-1,53.06262
529,158062-67-0,229.1611
530,122-03-2,148.20168
531,61790-13-4,192.2329
532,8067-55-8,652.7825
533,7440-38-2,74.9216
534,64700-56-7,356.6327
535,75-25-2,252.73064
536,80844-07-1,376.48802
537,15271-41-7,241.67418
538,108-24-7,102.08864
539,1464-42-2,196.1074
540,400852-66-6,
541,10043-01-3,342.153
542,7718-54-9,129.5994
543,8027-00-7,634.3852
544,56425-91-3,312.28701
545,1656-48-0,124.14052
546,78-83-1,74.1216
547,61711-25-9,
548,95-65-8,122.1644
549,554-00-7,162.0166
550,110-88-3,90.07794
551,108-67-8,120.19158
552,50934-16-2,
553,78-51-3,398.471822
554,8065-48-3,516.676844
555,1330-43-4,327.3217
556,7775-11-3,161.973239
557,57-55-6,76.09442
558,1745-81-9,134.1751
559,10043-35-3,61.83302
560,7758-09-0,85.1038
561,110-82-7,84.15948
562,1330-78-5,368.3683
563,19398-13-1,369.6717
564,59-50-7,142.58288
565,7601-54-9,163.94067
566,12698-87-2,
567,76-87-9,368.03698
568,17418-58-5,331.32152
569,137-29-1,303.97888
570,64902-72-3,357.77278
571,121552-61-2,225.2926
572,111-76-2,118.17416
573,2691-41-0,296.15512
574,94-74-6,200.61896
575,39331-45-8,
576,172521-76-5,
577,80-38-6,268.71606
578,39341-15-6,
579,13463-41-7,317.69272
580,1468-37-7,214.34924
581,7631-90-5,104.060909
582,576-26-1,122.1644
583,109-77-3,66.06138
584,619-24-9,148.11886
585,485-31-4,322.31322
586,12797-87-4,
587,62010-28-0,
588,7778-39-4,141.94302
589,1121-76-2,129.54436
590,56996-90-8,
591,7664-38-2,97.995182
592,34455-29-3,570.3653
593,7487-88-9,120.3676
594,1334-77-6,
595,120928-09-8,306.40148
596,111-66-0,112.21264
597,260-94-6,179.21726
598,7699-43-6,180.14528
599,181274-15-7,420.3717
600,1113-02-6,213.191842
601,5258-64-0,239.181009
602,15067-52-4,
603,361377-29-9,458.8326
604,127-20-8,164.950489
605,1861-32-1,331.96424
606,84-66-2,222.23716
607,55600-34-5,223.1012
608,4412-91-3,98.09994
609,32534-95-5,381.7259
610,144-55-8,84.006609
611,107-49-3,290.187724
612,7785-87-7,153.017
613,11104-28-2,
614,300-76-5,380.783742
615,54593-83-8,336.000502
616,53112-28-0,199.2548
617,12002-48-1,181.4487
618,4501-00-2,831.9303
619,99-08-1,137.13598
620,2447-79-2,190.0267
621,128606-48-4,268.2641
622,90-03-9,329.1479
623,12122-67-7,275.74384
624,7772-99-8,189.59599999999998
625,37339-61-0,
626,335-67-1,414.068388
627,75-05-8,41.05192
628,60-34-4,46.07174
629,4684-94-0,157.55446
630,281-23-2,136.23404
631,1461-22-9,325.50578
632,78-96-6,75.10966
633,108-31-6,98.05688
634,26635-92-7,445.7248
635,100-42-5,104.14912
636,7758-95-4,278.106
637,74665-84-2,
638,79-09-4,74.07854
639,2275-23-2,287.336582
640,150-50-5,298.511542
641,513-77-9,197.3359
642,90-43-7,170.2072
643,1646-88-4,222.26206
644,37301-44-3,
645,56073-10-0,523.41652
646,55818-86-5,
647,68-12-2,73.09378
648,38638-05-0,452.522282
649,66555-33-7,
650,2675-77-6,207.05392
651,12040-57-2,162.20600000000002
652,7783-00-8,128.97408
653,108-43-0,128.5563
654,953-17-3,314.812142
655,7245-02-5,252.269
656,138-86-3,136.23404
657,100-25-4,168.10696
658,7778-43-0,185.906679
659,91465-08-6,449.8562
660,10222-01-2,241.86878
661,7772-98-7,158.107739
662,106-68-3,128.21204
663,298-04-4,274.404022
664,144940-97-6,
665,25168-15-4,367.6991
666,8002-05-9,
667,640-15-3,246.350862
668,2243-27-8,139.23798
669,26628-22-8,65.009869
670,92-87-5,184.23708
671,107-02-8,56.06326
672,142-96-1,130.22792
673,118-61-6,166.1739
674,7647-01-0,36.46094
675,34014-18-1,228.31454
676,114311-32-9,305.3328
677,15307-79-6,318.130469
678,7758-29-4,367.862
679,2439-01-2,234.29744
680,79617-96-2,306.23400000000004
681,29232-93-7,305.333562
682,11118-72-2,
683,123-54-6,100.11582
684,101-84-8,170.2072
685,1333-82-0,99.9943
686,142-59-6,256.3243
687,2545-60-0,279.54958
688,74-83-9,94.93852
689,79-00-5,133.40422
690,9036-19-5,294.4332
691,886-86-2,261.2948
692,1327-79-3,272.3056
693,76703-62-3,449.8562
694,107-22-2,58.03608
695,131-17-9,246.25856
696,149-30-4,167.2513
697,79-07-2,93.51226
698,11096-99-4,
699,17606-31-4,431.61294
700,25154-52-3,220.356
701,172520-87-5,
702,10605-21-7,191.18666
703,7287-19-6,241.35636
704,68131-39-5,
705,129-67-9,230.125659
706,34256-82-1,269.7671
707,8004-92-0,477.3705
708,1861-40-1,335.27905
709,37296-92-7,
710,7446-07-3,159.5988
711,53469-21-9,291.9914
712,26087-47-8,288.342802
713,63449-41-2,311.93296
714,133-07-3,296.55756
715,7681-55-2,197.892439
716,115-90-2,308.354042
717,29091-05-2,322.24053
718,99-35-4,213.10452
719,119168-77-3,333.85566
720,7440-02-0,58.6934
721,95-93-2,134.21816
722,108-39-4,108.13782
723,72-54-8,320.0412
724,7173-51-5,362.07622
725,21087-64-9,214.28796
726,51158-19-1,
727,1309-64-4,291.4982
728,870-72-4,112.10506
729,127-00-4,94.54008
730,631-64-1,217.84408
731,11120-29-9,609.19942
732,85-68-7,312.3597
733,3687-13-6,241.09174
734,1330-38-7,
735,470-90-6,359.569922
736,51-03-6,338.4385
737,55283-68-6,333.26317
738,112-34-5,162.22672
739,82633-79-2,155.2142
740,13138-45-9,182.7032
741,104206-82-8,339.3192
742,52-51-7,199.98804
743,68188-45-4,
744,2439-99-8,263.079564
745,81777-89-1,239.69806
746,91-94-1,253.1272
747,78-59-1,138.20686
748,65589-70-0,468.9806
749,8050-84-8,
750,622-40-2,131.17292
751,138261-41-3,255.6633
752,210880-92-5,249.6745
753,99-30-9,207.01416
754,103-33-3,182.2212
755,555-37-3,275.17424
756,13194-48-4,242.339022
757,67-64-1,58.07914
758,66419-38-3,
759,7646-78-8,260.522
760,1314-64-3,366.09031
761,104-75-6,129.24316
762,83-32-9,154.2078
763,500-28-7,297.652522
764,1596-84-5,160.17108
765,14064-10-9,194.61284
766,67614-32-8,419.9067
767,37223-73-7,
768,299-86-5,291.710922
769,7779-88-6,189.3898
770,54381-16-7,294.32472
771,841-06-5,271.38234
772,10102-44-0,46.005
773,1306-19-0,128.4104
774,89-59-8,171.58104
775,1610-18-0,225.29076
776,123-33-1,112.08676
777,23103-98-2,238.28622
778,135-19-3,144.16992
779,7542-09-8,118.9424
780,10028-15-6,47.9982
781,22431-62-5,364.4834
782,74-87-3,50.48752
783,1314-13-2,81.3794
784,110-58-7,87.16342
785,7720-78-7,151.9076
786,57036-29-0,
787,1134-23-2,215.35554
788,111-70-6,116.20134
789,14338-32-0,255.48395
790,154592-20-8,
791,7439-92-1,207.2
792,85-34-7,239.4831
793,57-13-6,60.05526
794,4180-23-8,148.20168
795,1222-05-5,258.39844
796,31218-83-4,281.308862
797,933-75-5,197.44642
798,628-63-7,130.18486
799,56996-89-5,
800,393-39-5,179.114913
801,6408-78-2,416.3829
802,68131-40-8,
803,66594-32-9,
804,5598-13-0,322.533142
805,4437-85-8,116.11522
806,98-54-4,150.21756
807,68411-30-3,
808,72674-05-6,
809,70288-86-7,875.09276
810,123312-89-0,217.22724
811,86209-51-0,468.336993
812,107534-96-3,307.81838
813,446-72-0,270.2369
814,124-87-8,602.58316
815,20762-60-1,81.1184
816,8001-50-1,377.3521
817,927-74-2,70.08984
818,124-40-3,45.08368
819,78587-05-0,352.87884
820,88-06-2,197.44642
821,3844-45-9,792.848399
822,330-55-2,249.0939
823,99-86-5,136.23404
824,243973-20-8,400.5168
825,50512-35-1,290.39892
826,2439-00-1,261.464929
827,287967-98-0,
828,1325-37-7,
829,28434-00-6,302.4126
830,26530-20-1,213.33966
831,70630-17-0,279.33154
832,2008-46-0,356.6759
833,39515-40-7,375.4602
834,121-54-0,448.08088
835,8007-46-3,
836,627-30-5,94.54008
837,14959-86-5,226.35504
838,10039-54-0,164.13299999999998
839,12674-11-2,257.5463
840,1639-66-3,444.558349
841,5103-74-2,409.7814
842,5407-04-5,158.06942
843,385-00-2,158.102266
844,150114-71-9,207.0158
845,79902-63-9,418.5722
846,873-63-2,142.58288
847,9004-81-3,244.3734
848,239110-15-7,
849,365400-11-9,
850,3400-09-7,85.92064
851,7005-72-3,204.65226
852,105-53-3,160.16778
853,280-57-9,112.17288
854,129-00-0,202.2506
855,623-91-6,172.17848
856,10265-92-6,141.129182
857,123-91-1,88.10512
858,38260-54-7,292.291742
859,110-12-3,114.18546
860,79-06-1,71.0779
861,172306-85-3,
862,43121-43-3,293.74874
863,2893-78-9,219.9471
864,78-93-3,72.10572
865,60-00-4,292.24264
866,1114-71-2,203.34484
867,21265-50-9,362.0987
868,25013-16-5,180.2462
869,114-26-1,209.2417
870,7758-94-3,126.751
871,83-89-6,399.9568
872,124-22-1,185.34948
873,2939-80-2,349.0586
874,127-52-6,213.617169
875,100-41-4,106.165
876,143-08-8,144.2545
877,148-24-3,145.15798
878,80-12-6,240.26072
879,1332-40-7,249.02002
880,119-32-4,152.15062
881,12002-53-8,232.74694
882,117-80-6,227.04356
883,108-38-3,106.165
884,3194-55-6,641.6982
885,116-06-3,190.26326
886,220899-03-6,409.2759
887,8065-62-1,432.4993
888,28288-05-3,
889,100-51-6,108.13782
890,120-36-5,235.06402
891,105-37-3,102.1317
892,10025-91-9,228.119
893,81-77-6,442.42176
894,13356-08-6,1052.68072
895,11141-17-6,720.7230000000001
896,111-69-3,108.14112
897,10025-73-7,158.355
898,141-03-7,230.30068
899,3478-94-2,330.24944
900,120-12-7,178.2292
901,877-43-0,157.21174
902,60-56-0,114.16884
903,57055-39-7,369.3302
904,85-01-8,178.2292
905,4170-30-3,70.08984
906,5922-60-1,152.581
907,639-58-7,385.4747
908,25168-26-7,333.25008
909,52-46-0,387.300546
910,76-06-2,164.3752
911,122-60-1,150.1745
912,112281-77-3,372.149
913,14816-18-3,298.297862
914,69327-76-0,305.43832
915,10588-01-9,261.967539
916,956-90-1,279.84804
917,107-19-7,56.06326
918,61-73-4,319.85222
919,67-56-1,32.04186
920,79-92-5,136.23404
921,108-18-9,101.19
922,56996-94-2,
923,56646-05-0,
924,4080-31-3,215.70314
925,552-89-6,151.1195
926,350-46-9,141.099863
927,2212-59-1,545.6316
928,57-63-6,296.40336
929,874967-67-6,
930,100986-85-4,740.7594
931,150-76-5,124.13722
932,2602-46-2,932.752077
933,100-44-7,126.58348
934,7758-89-6,98.999
935,2255-17-6,261.168442
936,99129-21-2,359.91124
937,1399-80-0,368.03928
938,7783-35-9,296.6526
939,2008-58-4,190.0267
940,54-21-7,160.102569
941,78-79-5,68.11702
942,57837-19-1,279.33154
943,71-41-0,88.14818
944,149-31-5,118.17416
945,15545-48-9,212.67602
946,8022-00-2,460.570524
947,3772-55-2,286.4516
948,3942-54-9,185.60762
949,74051-80-2,327.48206
950,102851-06-9,502.91269
951,106-44-5,108.13782
952,1192-52-5,187.0584
953,759-94-4,189.31826
954,529-19-1,117.14788
955,95-75-0,161.02854
956,108-46-3,110.11064
957,99-11-6,155.1082
958,57-06-7,99.1542
959,2163-79-3,222.3296
960,2227-13-6,324.05304
961,7696-12-0,331.4061
962,66-25-1,100.15888
963,7553-56-2,126.90447
964,68359-37-5,434.287623
965,39300-45-3,
966,1310-53-8,104.6388
967,20354-26-1,261.06154
968,7446-14-2,303.2626
969,107-21-1,62.06784
970,74-59-9,319.3117
971,91-22-5,129.15858
972,8007-45-2,
973,115-20-8,149.40362
974,55427-94-6,
975,1319-77-3,108.1396
976,95-57-8,128.5563
977,2487-90-3,121.18726
978,107-27-7,265.1041
979,17372-87-1,691.854179
980,471-74-9,302.4558
981,115-31-1,253.36046
982,493-52-7,269.2985
983,74222-97-2,364.37634
984,1066-33-7,79.0553
985,634-67-3,196.46166
986,108-20-3,102.17476
987,68814-95-9,774.46584
988,10141-00-1,283.2196
989,554-13-2,73.8909
990,2764-72-9,184.23708
991,109-99-9,72.10572
992,109-07-9,100.16218
993,33245-39-5,355.69753
994,95144-24-4,255.7467
995,41814-78-2,189.23698
996,127-79-7,264.30358
997,886-50-0,241.35636
998,39450-05-0,
999,8003-42-7,
1000,7681-49-4,41.988172
1001,74-90-8,27.02534
1002,2795-39-3,538.217
1003,12427-38-2,265.301885
1004,75-98-9,102.1317
1005,1570-64-5,142.58288
1006,7664-93-9,98.07848
1007,962-58-3,288.279902
1008,1484-13-5,193.24384
1009,10124-37-5,164.0878
1010,26761-40-0,446.66244
1011,2051-60-7,188.65286
1012,23184-66-9,311.84684
1013,65071-95-6,
1014,935-95-5,231.89148
1015,959-98-8,406.92514
1016,111812-58-9,421.495
1017,1962-75-0,278.34348
1018,10112-91-1,472.086
1019,8005-72-9,
1020,40596-69-8,310.47146
1021,13718-26-8,121.929469
1022,7773-01-5,125.844045
1023,68608-15-1,
1024,7429-90-5,26.981538
1025,6923-22-4,223.1651
1026,2425-10-7,179.21572
1027,29118-87-4,201.2428
1028,71-55-6,133.40422
1029,25655-41-8,364.9507
1030,92-52-4,154.2078
1031,127289-72-9,
1032,108-68-9,122.1644
1033,56348-39-1,206.4038
1034,17109-49-8,310.371462
1035,24151-93-7,353.480782
1036,176022-82-5,
1037,634-90-2,215.89208
1038,96-18-4,147.4308
1039,107-07-3,80.5135
1040,2461-15-6,186.29118
1041,15498-87-0,172.9377
1042,1825-21-4,280.36312
1043,177256-69-8,
1044,786-19-6,342.865302
1045,479-45-8,287.1433
1046,3244-90-4,378.425244
1047,5610-64-0,1466.1515
1048,2259-85-0,187.2814
1049,66841-25-6,665.00716
1050,1983-10-4,309.0337
1051,1773-89-3,416.89682
1052,1184-57-2,232.63186
1053,25306-75-6,173.2432
1054,96-09-3,120.14852
1055,123-88-6,295.1307
1056,1204-21-3,259.09654
1057,543-21-5,112.08676
1058,83657-22-1,291.77592
1059,482-89-3,262.2628
1060,3689-24-5,322.318924
1061,140-90-9,144.190969
1062,107-47-1,146.29352
1063,114369-43-6,336.81808
1064,5437-45-6,229.07056
1065,13472-45-2,293.817139
1066,118-79-6,330.79942
1067,116-29-0,356.05184
1068,107-15-3,60.09832
1069,150-78-7,138.1638
1070,1126-46-1,170.59298
1071,5377-20-8,230.26246
1072,7778-18-9,136.1406
1073,147-24-0,291.81568
1074,15281-91-1,236.5861
1075,87674-68-8,275.79482
1076,68585-47-7,318.4463
1077,71751-41-2,873.07688
1078,7722-84-1,34.01468
1079,92-04-6,204.65226
1080,1836-75-5,284.09488
1081,39429-71-5,
1082,609-23-4,471.80083
1083,500008-45-7,
1084,122548-33-8,412.8069
1085,576-24-9,163.00136
1086,29761-21-5,390.452902
1087,2235-25-8,326.638342
1088,22296-58-8,180.2462
1089,69806-50-4,383.36161
1090,137-30-4,305.81288
1091,2312-76-7,220.114769
1092,34364-42-6,444.4659
1093,139-40-2,229.70984
1094,11100-14-4,
1095,1689-84-5,276.91282
1096,76578-14-8,372.80228
1097,2039-46-5,245.7053
1098,55814-41-0,269.33826
1099,132-27-4,192.189029
1100,29091-21-2,350.29369
1101,12002-03-8,1013.7954
1102,2150-47-2,168.14672
1103,608-93-5,250.33714
1104,86479-06-3,461.142739
1105,1326-82-5,424.40992
1106,173159-57-4,452.441
1107,15263-52-2,273.80384
1108,13548-38-4,238.0108
1109,655-76-5,239.2454
1110,615-67-8,144.5557
1111,10196-04-0,116.14012
1112,12774-30-0,
1113,22936-86-3,227.69396
1114,96300-95-7,716.7461
1115,75-96-7,296.74014
1116,4680-78-8,690.803369
1117,589-16-2,121.17964
1118,8015-35-8,476.51994
1119,33820-53-0,309.36082
1120,95-53-4,107.15306
1121,33813-20-6,176.28296
1122,523-44-4,350.324309
1123,3765-57-9,348.0276
1124,80-33-1,303.16112
1125,590-28-3,81.1151
1126,533-74-4,162.2763
1127,1929-88-0,207.25226
1128,172520-99-9,
1129,33213-65-9,406.92514
1130,64-19-7,60.05196
1131,108-10-1,100.15888
1132,108066-01-9,
1133,13684-63-4,300.30924
1134,7778-80-5,174.2592
1135,31557-34-3,212.4627
1136,64359-81-5,282.22978
1137,95-47-6,106.165
1138,21548-73-2,248.80934
1139,65431-33-6,
1140,112-12-9,170.29178
1141,2303-17-5,304.66414
1142,95-48-7,108.13782
1143,7440-41-7,9.012182
1144,1746-01-6,321.97096
1145,13772-16-2,
1146,85-70-1,336.37956
1147,301-12-2,246.284662
1148,23060-14-2,
1149,8004-87-3,393.95222
1150,13943-58-3,368.3452
1151,140-56-7,251.238069
1152,1317-36-8,223.1994
1153,563-68-8,263.42732
1154,14437-17-3,233.0912
1155,66215-27-8,166.1838
1156,95465-99-9,270.392182
1157,22212-55-1,366.23848
1158,13171-00-1,244.37186
1159,75-15-0,76.1407
1160,107-05-1,76.5248
1161,13121-70-5,386.1799
1162,64742-47-8,
1163,8046-53-5,
1164,111-40-0,103.16612
1165,95-13-6,116.15982
1166,3179-90-6,358.34532
1167,58798-67-7,
1168,2702-72-9,243.0215
1169,54-11-5,162.234
1170,91-65-6,155.28044
1171,583-78-8,163.00136
1172,74871-33-3,
1173,110-00-9,68.07396
1174,67167-02-6,
1175,37853-59-1,687.63612
1176,15922-78-8,151.166
1177,33878-50-1,366.2432
1178,3351-05-1,681.6473
1179,2437-79-8,291.98804
1180,86-40-8,259.7377
1181,7779-27-3,171.28314
1182,17599-81-4,223.155
1183,13464-37-4,191.889108
1184,69377-81-7,255.030603
1185,54847-85-7,
1186,543-90-8,230.49904
1187,464-49-3,152.2358
1188,53826-12-3,
1189,1096-84-0,300.35054
1190,135158-54-2,210.27604
1191,203313-25-1,
1192,2528-38-3,308.393882
1193,94-96-2,146.22732
1194,26225-79-6,286.34402
1195,77182-82-2,198.157362
1196,89-98-5,140.567
1197,645-56-7,136.19098
1198,944-22-9,246.329262
1199,29245-51-0,209.1178
1200,52508-35-7,296.2519
1201,10141-05-6,182.942995
1202,19666-30-9,345.22102
1203,630-20-6,167.84928
1204,658066-35-4,
1205,213464-77-8,
1206,7440-48-4,58.9332
1207,121-87-9,172.5691
1208,1836-77-7,318.53994
1209,128-58-5,516.5416
1210,20856-57-9,336.42968
1211,13306-69-9,247.2483
1212,104653-34-1,539.4855
1213,66441-23-4,361.77634
1214,24980-59-4,
1215,7447-41-8,42.394
1216,133-90-4,206.0261
1217,110-40-7,258.35384
1218,7440-33-7,183.84
1219,2455-24-5,170.20566
1220,244094-39-1,
1221,4824-78-6,394.049242
1222,85264-33-1,126.1564
1223,577-11-7,444.558349
1224,106-49-0,107.15306
1225,311-45-5,275.195022
1226,19826-60-9,
1227,581-64-6,263.7459
1228,62924-70-3,421.730793
1229,99-52-5,152.15062
1230,3060-89-7,259.09984
1231,153719-23-4,291.7117
1232,122836-35-5,387.1878
1233,123343-16-8,348.7358
1234,23505-21-7,205.0432
1235,51092-74-1,
1236,7786-30-3,95.211
1237,624-92-0,94.19904
1238,1461-15-0,622.53304
1239,25267-15-6,411.7972
1240,70896-08-1,
1241,557-34-6,183.46804
1242,957-51-7,239.31228
1243,82-71-3,245.10332
1244,21725-46-2,240.69272
1245,1338-24-5,170.25099999999998
1246,1303-96-4,381.3673
1247,999-81-5,158.06942
1248,120-32-1,218.67884
1249,93106-60-6,359.3995
1250,518-47-8,376.2755
1251,1634-78-2,314.292422
1252,1401-55-4,1701.19848
1253,4478-93-7,177.27900000000002
1254,75022-22-9,
1255,68694-11-1,345.74731
1256,319-85-7,290.8314
1257,77-58-7,631.5452
1258,109-06-8,93.12648
1259,3572-06-3,206.23776
1260,10049-04-4,67.4518
1261,99-55-8,152.15062
1262,108-62-3,176.21024
1263,150-19-6,124.13722
1264,51158-18-0,
1265,821-55-6,142.23862
1266,17439-94-0,
1267,10361-37-2,208.234
1268,4460-86-0,196.19988
1269,56896-68-5,
1270,36362-09-1,253.87542
1271,115326-86-8,
1272,67485-29-4,494.475279
1273,10350-81-9,426.76718
1274,50-65-7,327.11962
1275,6317-18-6,130.19138
1276,62-76-0,133.998539
1277,13366-73-9,380.90932
1278,5813-64-9,87.16342
1279,122-11-2,310.32896
1280,3815-21-2,
1281,14255-88-0,375.12949
1282,629-25-4,222.299589
1283,29804-22-6,282.50442
1284,112-27-6,150.17296
1285,529-20-4,120.14852
1286,7681-82-5,149.894239
1287,78-32-0,368.362802
1288,52722-38-0,154.6393
1289,95-88-5,144.5557
1290,79-34-5,167.84928
1291,7775-19-1,65.8
1292,35554-44-0,297.17976
1293,2051-62-9,188.65286
1294,31431-39-7,295.29272
1295,98-86-2,120.14852
1296,2631-40-5,193.2423
1297,1085-98-9,333.230243
1298,123-86-4,116.15828
1299,99-61-6,151.1195
1300,122-66-7,184.23708
1301,109-46-6,188.3335
1302,87-61-6,181.44702
1303,1471-17-6,256.33796
1304,592-85-8,511.0968
1305,16485-47-5,354.0745
1306,106-69-4,134.17356
1307,7778-73-6,304.4269
1308,8030-78-2,
1309,104040-78-0,407.32509
1310,14788-97-7,312.853
1311,2782-70-9,404.4483
1312,8003-19-8,223.9556
1313,104-88-1,140.567
1314,78-97-7,71.0779
1315,66-76-2,336.29498
1316,75-64-9,73.13684
1317,68085-85-8,449.85007
1318,7439-98-7,95.96
1319,124495-18-7,308.1387
1320,86-57-7,173.16808
1321,98-73-7,178.22766
1322,57754-85-5,253.0846
1323,173584-44-6,527.83449
1324,333-18-6,133.0202
1325,96-33-3,86.08924
1326,6361-21-3,185.56456
1327,14124-68-6,142.956
1328,25322-68-3,62.0682
1329,28382-15-2,151.1858
1330,7076-53-1,311.1165
1331,51158-21-5,
1332,80-46-6,164.24414
1333,6753-47-5,432.7307
1334,175013-18-0,387.8219
1335,3066-71-5,154.20626
1336,106-40-1,172.02254
1337,51-52-5,170.2321
1338,35832-11-2,342.6521
1339,105-75-9,228.2848
1340,5124-25-4,369.3944
1341,7783-90-6,143.3212
1342,131-92-0,665.64852
1343,37680-73-2,326.4331
1344,31512-74-0,
1345,2866-43-5,318.3492
1346,51596-11-3,542.7112
1347,111-13-7,128.21204
1348,27355-22-2,271.91228
1349,64-17-5,46.06844
1350,2437-25-4,181.31772
1351,11100-04-2,
1352,62-75-9,74.08184
1353,24544-04-5,177.28596
1354,2051-61-8,188.65286
1355,124-11-8,126.23922
1356,1317-38-0,79.5454
1357,7447-40-7,74.5513
1358,9005-66-7,522.675
1359,107-41-5,118.17416
1360,23422-53-9,257.71664
1361,50-30-6,191.01146
1362,6484-52-2,80.04336
1363,127289-71-8,
1364,108-91-8,99.17412
1365,1067-14-7,329.8363
1366,96-22-0,86.1323
1367,10293-06-8,231.1319
1368,600-36-2,116.20134
1369,2539-17-5,261.91746
1370,53042-79-8,297.45282
1371,105-54-4,116.15828
1372,113032-51-2,
1373,12715-61-6,807.674
1374,123-66-0,144.21144
1375,172520-93-3,
1376,101-21-3,213.66078
1377,144-21-8,183.933859
1378,143390-89-0,313.34776
1379,1344-81-6,74.1558
1380,120-94-5,85.14754
1381,7631-89-2,163.9248
1382,2832-40-8,269.2985
1383,96352-69-1,
1384,3567-25-7,544.1681
1385,23504-07-6,218.2548
1386,51580-86-0,255.976729
1387,65-85-0,122.12134
1388,619-15-8,182.13354
1389,140-57-8,334.85872
1390,314-40-9,261.11572
1391,11113-60-3,
1392,14380-61-1,51.452
1393,137-42-8,129.179629
1394,127-91-3,136.23404
1395,532-32-1,144.103169
1396,109-89-7,73.13684
1397,109-86-4,76.09442
1398,108-69-0,121.17964
1399,3184-65-4,240.660669
1400,628-92-2,96.17018
1401,3064-70-8,300.8032
1402,119-06-2,530.82192
1403,81591-81-3,245.2299
1404,109-73-9,73.13684
1405,2436-93-3,157.2146
1406,7757-83-7,126.042739
1407,6164-98-3,196.67662
1408,53763-47-6,
1409,131-11-3,194.184
1410,79-19-6,91.1355
1411,126833-17-8,302.19628
1412,63935-38-6,482.3622
1413,94-11-1,263.11718
1414,99-09-2,138.12404
1415,51384-51-1,267.3639
1416,106-42-3,106.165
1417,5331-91-9,201.69636
1418,1761-61-1,201.0174
1419,3271-76-9,449.4557
1420,160759-29-5,
1421,101-55-3,249.10326
1422,132-64-9,168.19132
1423,110-65-6,86.08924
1424,75602-99-2,
1425,68439-50-9,
1426,14025-21-9,399.5729
1427,140-38-5,170.59628
1428,114247-06-2,
1429,135410-20-7,222.6767
1430,95-14-7,119.124
1431,128-44-9,205.1633
1432,357-57-3,394.46354
1433,471-77-2,302.451
1434,13150-00-0,420.536949
1435,24017-47-8,313.312502
1436,51218-49-6,311.84684
1437,56863-92-4,
1438,219714-96-2,483.3691
1439,6062-26-6,250.653949
1440,34643-46-4,345.245362
1441,79-94-7,543.87058
1442,99-99-0,137.13598
1443,86-87-3,186.2066
1444,96-24-2,110.53948
1445,6623-41-2,137.17904
1446,14220-17-8,240.9596
1447,7558-80-7,119.976
1448,13311-84-7,276.21185
1449,118134-30-8,297.48
1450,97-02-9,183.1216
1451,9005-64-5,522.6692
1452,1763-23-1,500.129594
1453,5141-20-8,792.848399
1454,58561-66-3,
1455,33089-61-1,293.40602
1456,111988-49-9,252.72326
1457,67-68-5,78.13344
1458,330-93-8,206.188126
1459,2533-82-6,122.02112
1460,50723-80-3,262.2583
1461,7646-79-9,129.839195
1462,100-47-0,103.1213
1463,5835-26-7,302.451
1464,123-72-8,72.10572
1465,623-25-6,175.05512
1466,76-03-9,163.38714
1467,57057-83-7,227.4724
1468,3380-34-5,289.54178
1469,39456-51-4,
1470,25637-99-4,641.6982
1471,90-02-8,122.12134
1472,137-88-2,315.2448
1473,8070-47-1,
1474,53572-61-5,
1475,35572-78-2,197.14818
1476,7785-70-8,136.23404
1477,42200-33-9,309.40058
1478,82657-04-3,422.86779
1479,4403-90-1,622.576539
1480,13071-11-9,295.8083
1481,149979-41-9,
1482,14244-62-3,247.6462
1483,28300-74-5,667.8726
1484,1762-95-4,76.12086
1485,7631-95-0,205.937139
1486,7166-19-0,228.04274
1487,100-56-1,313.1469
1488,83-41-0,151.16256
1489,87-17-2,213.23194
1490,2491-38-5,215.0461
1491,3428-24-8,179.00076
1492,25311-71-1,345.394122
1493,1031-07-8,422.92454
1494,57017-81-9,
1495,2626-83-7,207.2718
1496,127-09-3,82.033789
1497,51707-55-2,220.25102
1498,106-24-1,154.24932
1499,93-78-7,297.5651
1500,2556-42-5,352.6286
1501,57-15-8,177.45678
1502,97-17-6,315.153182
1503,86-30-6,198.2206
1504,374726-62-2,
1505,66267-77-4,419.9067
1506,10099-58-8,245.265
1507,13863-41-7,115.357
1508,602-01-7,182.13354
1509,14321-27-8,135.20622
1510,100-97-0,140.18628
1511,119-34-6,154.12344
1512,119-12-0,340.334542
1513,8002-65-1,
1514,52756-25-9,335.757303
1515,129-09-9,474.55296
1516,1770-80-5,501.0563
1517,75-97-8,100.15888
1518,123-30-8,109.12588
1519,64-02-8,380.169957
1520,497-19-8,105.988439
1521,56996-99-7,
1522,16245-79-7,205.33912
1523,86-73-7,166.2185
1524,57-92-1,581.57406
1525,596-85-0,290.488
1526,122467-32-7,
1527,140-88-5,100.11582
1528,84087-01-4,242.0582
1529,93-65-2,214.64554
1530,131341-86-1,248.1884
1531,123-07-9,122.1644
1532,1310-58-3,56.10564
1533,101-42-8,164.20438
1534,287962-26-9,
1535,88-99-3,166.13084
1536,831-82-3,186.2066
1537,69806-34-4,383.6863
1538,34723-82-5,179.05494
1539,96489-71-3,364.9323
1540,82097-50-5,401.82534
1541,7783-28-0,132.056222
1542,198697-58-4,
1543,79622-59-6,465.091679
1544,2234-13-1,403.731
1545,13473-90-0,375.13300000000004
1546,723-46-6,253.27764
1547,95-55-6,109.12588
1548,108-85-0,163.05554
1549,306-67-2,348.184
1550,1014-70-6,213.3032
1551,6988-21-2,223.22522
1552,108-99-6,93.12648
1553,804-63-7,746.9169999999999
1554,533-23-3,249.0906
1555,91-57-6,142.1971
1556,110-56-5,127.01232
1557,3441-14-3,
1558,463-56-9,59.09034
1559,11126-43-5,
1560,7440-61-1,238.02891
1561,66455-14-9,
1562,2437-29-8,927.00476
1563,287967-90-2,
1564,111-77-3,120.14698
1565,13444-72-9,150.9956
1566,56996-88-4,
1567,91-23-6,153.13538
1568,148477-71-8,411.3242
1569,1317-37-9,87.91
1570,7705-08-0,162.204
1571,3240-78-6,
1572,141776-32-1,470.4742
1573,4104-14-7,375.209982
1574,2475-46-9,296.32054
1575,3653-48-3,222.6032
1576,1314-87-0,239.265
1577,109-79-5,90.1872
1578,140-93-2,158.217549
1579,90982-32-4,414.8208
1580,8065-75-6,92.1436
1581,117337-19-6,403.8732
1582,106-93-4,187.86116
1583,632-99-5,337.8459
1584,89-61-2,191.99952
1585,83055-99-6,410.40172
1586,63148-53-8,
1587,10042-91-8,265.9024
1588,1314-98-3,97.445
1589,57966-95-7,198.1793
1590,55-37-8,292.354642
1591,23135-22-0,219.26142
1592,35723-83-2,564.0756
1593,61791-24-0,
1594,2569-01-9,370.22900000000004
1595,27986-36-3,264.407
1596,58-36-6,502.22524
1597,64036-43-7,181.27
1598,5989-27-5,136.238
1599,121-57-3,173.18968
1600,8063-52-3,715.0059
1601,583-57-3,112.21264
1602,22473-78-5,360.3666
1603,8003-69-8,908.7739999999999
1604,67-43-6,393.34652
1605,14402-75-6,294.6772
1606,1338-02-9,405.89016
1607,39145-47-6,249.6531
1608,4916-57-8,184.23708
1609,12642-23-8,
1610,1929-77-7,203.34484
1611,67-63-0,60.09502
1612,58-08-2,194.1906
1613,2610-05-1,992.804037
1614,319-86-8,290.8314
1615,1303-33-9,492.0764
1616,112-30-1,158.28108
1617,2894-51-1,231.6811
1618,94361-06-5,291.77592
1619,80209-54-7,
1620,70903-51-4,
1621,603-83-8,152.15062
1622,693-21-0,196.11552
1623,99-93-4,136.14792
1624,63798-36-7,
1625,77458-01-6,360.796082
1626,223671-69-0,
1627,88671-89-0,288.77528
1628,81741-28-8,435.1552
1629,61949-76-6,391.2877
1630,127-27-5,302.451
1631,89072-60-6,
1632,85-69-8,334.4498
1633,2312-73-4,309.36566
1634,3214-47-9,956.8061
1635,97-00-7,202.55202
1636,7722-88-5,265.901
1637,2818-16-8,307.6016
1638,141-66-2,237.190102
1639,636-30-6,196.46166
1640,93-89-0,150.1745
1641,1600-27-7,318.67804
1642,10380-28-6,351.84608
1643,11141-16-5,
1644,25057-89-0,240.27888
1645,1982-49-6,232.3248
1646,3347-22-6,296.32376
1647,584-08-7,138.2055
1648,155569-91-8,1008.24004
1649,108-93-0,100.15888
1650,98-55-5,154.24932
1651,181314-95-4,
1652,59-87-0,198.13624
1653,110-54-3,86.178
1654,107-92-6,88.10512
1655,606-20-2,182.13354
1656,26787-78-0,419.4488
1657,50471-44-8,286.11076
1658,3309-68-0,274.3907
1659,205-39-0,218.2544
1660,81-19-6,229.91866
1661,464-48-2,152.2358
1662,75-57-0,109.59778
1663,2016-57-1,157.29632
1664,1024-57-3,389.3171
1665,1837-57-6,343.37704
1666,90-13-1,162.61558
1667,21689-84-9,252.33924
1668,25167-83-3,231.8932
1669,544-25-2,92.13842
1670,622-45-7,142.19556
1671,555-89-5,269.1233
1672,2275-14-1,377.310362
1673,61789-28-4,
1674,210631-68-8,
1675,55-18-5,102.135
1676,73989-17-0,818.98644
1677,109-85-3,75.10966
1678,24307-26-4,149.66164
1679,120-93-4,86.09254
1680,534-52-1,198.13294
1681,454-89-7,174.11991
1682,3260-87-5,142.58288
1683,240494-70-6,360.3478
1684,573-58-0,696.663219
1685,66523-56-6,
1686,2706-90-3,264.045869
1687,112410-23-8,352.46992
1688,126-11-4,151.11796
1689,2870-32-8,680.6569
1690,626-43-7,162.0166
1691,70362-50-4,291.98804
1692,163269-30-5,
1693,2244-21-5,236.0547
1694,5103-71-9,409.7814
1695,117-18-0,260.88964
1696,379-52-2,369.020103
1697,6834-92-0,122.063239
1698,973-21-7,326.30192
1699,13701-59-2,180.1488
1700,55179-31-2,337.41552
1701,5292-45-5,239.18156
1702,42509-83-1,285.6848
1703,619-50-1,181.14548
1704,119-61-9,182.2179
1705,72-57-1,872.87792
1706,287958-94-5,
1707,955-83-9,220.26588
1708,134098-61-6,421.495
1709,2317-24-0,383.6985
1710,15457-05-3,328.20029
1711,77-78-1,126.13164
1712,100-01-6,138.12404
1713,85409-17-2,
1714,56296-78-7,345.7914
1715,13597-99-4,133.021982
1716,28680-45-7,335.26972
1717,6575-09-3,151.59294
1718,188489-07-8,408.7363
1719,68439-49-6,
1720,13231-90-8,336.22900000000004
1721,14088-71-2,293.18776
1722,32598-13-3,291.98804
1723,80-00-2,252.71666
1724,144550-36-7,529.2409
1725,329-71-5,184.10636
1726,28407-37-6,1091.842877
1727,75-86-5,85.10448
1728,1320-07-6,448.4279
1729,69723-94-0,249.2838
1730,920-66-1,168.037799
1731,112-80-1,282.46136
1732,172521-44-7,
1733,584-84-9,174.15614
1734,51312-24-4,236.043
1735,76-01-7,202.29434
1736,68783-78-8,
1737,24934-91-6,234.704342
1738,3096-70-6,137.181
1739,1689-82-3,198.2206
1740,96-45-7,102.15814
1741,80-52-4,170.29508
1742,172521-59-4,
1743,104-55-2,132.15922
1744,1757-18-2,375.635522
1745,56-36-0,349.0968
1746,3337-71-1,230.241
1747,590-66-9,112.21264
1748,142459-58-3,363.3292
1749,87-90-1,232.4094
1750,1698-60-8,221.64302
1751,2593-15-9,247.53
1752,25319-80-6,
1753,77-74-7,102.17476
1754,110-62-3,86.1323
1755,317815-83-1,
1756,18268-76-3,186.5945
1757,4920-77-8,153.13538
1758,9005-67-8,522.675
1759,610-39-9,182.13354
1760,39362-29-3,
1761,2655-14-3,179.21572
1762,69409-94-5,502.91269
1763,57017-80-8,
1764,693-54-9,156.2652
1765,145-73-3,186.162
1766,25322-20-7,
1767,7775-27-1,238.104739
1768,16423-68-0,879.8619
1769,98967-40-9,325.2922
1770,477-73-6,350.84466
1771,1461-25-2,347.16704
1772,2492-26-4,189.233129
1773,76824-35-6,337.4454
1774,127-19-5,87.12036
1775,2787-91-9,403.9509
1776,693-65-2,158.28108
1777,61912-87-6,
1778,141-05-9,172.17848
1779,59669-26-0,354.46932
1780,2595-54-2,329.373262
1781,107-11-9,57.09438
1782,95-94-3,215.89208
1783,187166-40-1,
1784,78-27-3,124.18028
1785,82558-50-7,332.39416
1786,446-52-6,124.112403
1787,28343-61-5,247.4677
1788,510-15-6,325.18656
1789,60018-95-3,729.7362
1790,111-46-6,106.1204
1791,103-11-7,184.2753
1792,5902-51-2,216.66472
1793,63513-77-9,
1794,138757-75-2,
1795,78-92-2,74.1216
1796,15311-99-6,
1797,50-32-8,252.30928
1798,109-65-9,137.01826
1799,4189-47-3,197.02716
1800,5871-17-0,170.1629
1801,95-52-3,110.128883
1802,22726-00-7,200.03264
1803,63-05-8,286.40854
1804,131860-33-8,403.38748
1805,53763-77-2,
1806,7446-20-0,287.54956
1807,99-03-6,135.16316
1808,129909-90-6,241.2924
1809,598-16-3,264.74134
1810,541-09-3,390.13163
1811,4726-14-1,345.37146
1812,18259-05-7,326.4331
1813,107-12-0,55.0785
1814,10124-43-3,154.995795
1815,528-29-0,168.10696
1816,66829-05-8,
1817,111-78-4,108.18088
1818,59-97-2,196.67662
1819,87-65-0,163.00136
1820,110488-70-5,387.8621
1821,125116-23-6,319.82908
1822,768-94-5,151.24868
1823,8067-98-9,607.592064
1824,121-69-7,121.17964
1825,76703-65-6,449.8562
1826,28159-98-0,253.3646
1827,172520-90-0,
1828,55512-33-9,378.91612
1829,81412-43-3,297.5232
1830,141-79-7,98.143
1831,7727-21-1,270.3218
1832,14025-15-1,399.7547
1833,64-00-6,193.2423
1834,53763-29-4,
1835,65-30-5,422.5416
1836,6369-97-7,300.5687
1837,297-78-9,411.75146
1838,68157-60-8,247.6835
1839,1404-04-2,712.7222
1840,131807-57-3,374.3952
1841,11071-15-1,
1842,5600-21-5,143.57424
1843,95-92-1,146.1412
1844,5567-15-7,818.4962
1845,141-97-9,130.1418
1846,14762-38-0,223.27158
1847,111-44-4,143.01172
1848,335104-84-2,
1849,555-16-8,151.1195
1850,83-34-1,131.17446
1851,75-07-0,44.05256
1852,136-45-8,251.27838
1853,72026-99-4,
1854,107-18-6,58.07914
1855,95737-68-1,321.375
1856,16079-88-2,241.47034
1857,2636-26-2,243.219362
1858,591-21-9,112.21264
1859,95686-19-4,
1860,700-58-3,150.21756
1861,9012-76-4,1526.45392
1862,1568-83-8,256.3395
1863,5015-75-8,259.052929
1864,27304-13-8,423.76216
1865,15096-52-3,209.941266
1866,25366-23-8,240.2027
1867,138789-81-8,
1868,122931-48-0,431.44408
1869,84-69-5,278.34348
1870,97886-45-8,401.415056
1871,8012-95-1,
1872,58657-34-4,231.1877
1873,6393-42-6,197.14818
1874,56634-95-8,389.086
1875,79-43-6,128.94208
1876,96-91-3,199.121
1877,30525-89-4,30.0262
1878,633-96-5,350.324309
1879,33972-75-7,193.8015
1880,16903-35-8,356.8168
1881,111-68-2,115.21658
1882,15307-86-5,296.14864
1883,16879-02-0,129.54436
1884,5598-52-7,306.467542
1885,4299-07-4,
1886,111-91-1,173.0377
1887,112-42-5,172.30766
1888,13674-87-8,430.904762
1889,29878-31-7,133.1524
1890,951-42-8,241.6767
1891,13721-39-6,183.9083
1892,540-59-0,96.94328
1893,287967-96-8,
1894,82560-54-1,410.5276
1895,829-26-5,170.25026
1896,95-70-5,122.1677
1897,4208-80-4,372.8884
1898,57055-38-6,334.8851
1899,650-51-1,185.368969
1900,13516-27-3,355.5688
1901,945-51-7,202.2722
1902,42454-06-8,167.1189
1903,27519-02-4,322.61134
1904,143-16-8,185.34948
1905,644-64-4,240.25904
1906,1345-25-1,71.8444
1907,10463-14-6,335.2266
1908,4253-89-8,150.30536
1909,6441-77-6,792.96136
1910,3251-29-4,
1911,53404-62-9,262.3722
1912,122-10-1,282.184362
1913,140-79-4,144.13192
1914,5138-93-2,
1915,151-56-4,43.0678
1916,371-40-4,111.116943
1917,119-38-0,211.26088
1918,127-08-2,98.14232
1919,7440-39-3,137.327
1920,1570-65-6,177.02794
1921,131983-72-7,317.8132
1922,14644-61-2,283.3492
1923,4342-36-3,411.16618
1924,2961-62-8,392.8977
1925,95751-97-6,
1926,105-55-5,132.22718
1927,33629-47-9,295.33424
1928,128-04-1,143.206209
1929,15773-35-0,
1930,103361-09-7,354.331803
1931,58561-88-9,
1932,623-37-0,102.17476
1933,574-64-1,1002.7821
1934,66063-05-6,328.83584
1935,598-63-0,267.2089
1936,1317-39-1,145.1072
1937,7727-54-0,228.20212
1938,66594-34-1,
1939,297-97-2,248.239182
1940,35597-43-4,323.2851
1941,109-60-4,102.1317
1942,50-73-7,225.45652
1943,102-69-2,143.26974
1944,79-20-9,74.07854
1945,5465-65-6,199.59114
1946,51892-26-3,239.1006
1947,71561-11-0,403.25864
1948,80324-43-2,419.3156
1949,56863-88-8,
1950,122453-73-0,407.61285
1951,368-77-4,171.11927
1952,26155-31-7,370.42068
1953,60168-88-9,331.19598
1954,35691-65-7,265.93324
1955,497-37-0,112.1712
1956,5673-07-4,152.19038
1957,133855-98-8,329.7606
1958,583-60-8,112.16958
1959,7745-89-3,178.05906
1960,137-40-6,96.060369
1961,201305-50-2,
1962,1333-73-9,127.7775
1963,1912-26-1,229.70984
1964,2446-69-7,178.27072
1965,140-31-8,129.2034
1966,18181-70-9,412.996552
1967,71379-75-4,
1968,928-96-1,100.15888
1969,98-88-4,140.567
1970,14938-35-3,164.24414
1971,11126-42-4,540.3093
1972,57-24-9,334.41158
1973,10431-47-7,205.1548
1974,75-39-8,61.08308
1975,767-00-0,119.1207
1976,68514-95-4,
1977,22248-79-9,365.9645
1978,42399-41-7,414.51784
1979,2362-61-0,176.2578
1980,100-10-7,149.18974
1981,132-66-1,291.30072
1982,13457-18-6,373.364462
1983,11067-82-6,1045.4252
1984,133-11-9,229.23134
1985,22898-01-7,168.022222
1986,12222-60-5,1333.0748
1987,27854-31-5,
1988,77466-83-2,
1989,2610-11-9,675.599399
1990,319925-56-9,
1991,122454-29-9,349.5371
1992,79-95-8,366.06658
1993,3481-20-7,230.90672
1994,7758-02-3,119.0023
1995,330-95-0,426.38282
1996,3051-11-4,624.5497
1997,60-41-3,766.90164
1998,1014-69-3,213.3032
1999,7601-89-0,122.440369
2000,654-66-0,229.0906
2001,632-22-4,116.16158
2002,613-45-6,166.1739
2003,172521-26-5,
2004,124-04-9,146.1412
2005,5746-17-8,273.1565
2006,640-19-7,77.057663
2007,57157-80-9,381.7272
2008,97-74-5,208.36788
2009,111-83-1,193.12458
2010,68534-58-7,
2011,56996-66-8,
2012,299-85-4,314.168422
2013,2814-20-2,152.19368
2014,7788-98-9,152.07062
2015,25646-77-9,292.3519
2016,420-04-2,42.03998
2017,3389-71-7,298.80878
2018,8065-36-9,442.5972
2019,5329-14-6,97.09372
2020,20190-95-8,173.2546
2021,611-06-3,191.99952
2022,3558-69-8,231.29182
2023,2028-63-9,70.08984
2024,1327-41-9,133.3405
2025,100-61-8,107.15306
2026,60-35-5,59.0672
2027,67-36-7,198.2173
2028,67167-01-5,
2029,79538-32-2,418.733682
2030,1653-40-3,130.22792
2031,10281-53-5,138.2522
2032,51-79-6,89.09318
2033,2224-44-4,188.22424
2034,513-78-0,172.4199
2035,999-61-1,130.1418
2036,67526-93-6,
2037,110-73-6,89.13624
2038,926030-25-3,
2039,112143-82-5,314.4018
2040,88-04-0,156.60946
2041,74223-64-6,381.3638
2042,625-86-5,96.12712
2043,70-30-4,406.90354
2044,95-49-8,126.58348
2045,20056-92-2,184.31836
2046,33693-04-8,225.29076
2047,16071-86-6,760.099959
2048,1689-99-2,403.10898
2049,109-01-3,100.16218
2050,77-99-6,134.17356
2051,563-47-3,90.55138
2052,10476-85-4,158.526
2053,7379-35-3,150.0059
2054,127-68-4,225.154429
2055,81510-83-0,320.3906
2056,26644-46-2,434.96176
2057,68392-35-8,387.5206
2058,2861-02-1,453.3502
2059,34375-28-5,91.1096
2060,30043-49-3,264.3168
2061,142-82-5,100.205
2062,643-79-8,134.13204
2063,74-88-4,141.93899
2064,3281-96-7,401.0136
2065,1313-27-5,143.9582
2066,111-92-2,129.24316
2067,3209-22-1,191.99952
2068,15467-20-6,235.102419
2069,629-40-3,136.19428
2070,181314-88-5,
2071,314-13-6,960.805237
2072,109-64-8,201.88774
2073,21564-17-0,238.35234
2074,85-41-6,147.1308
2075,139-13-9,191.13876
2076,75-74-1,267.33808
2077,2460-49-3,193.02734
2078,74115-24-5,303.14612
2079,8001-58-9,
2080,4602-84-0,222.36634
2081,98886-44-3,283.3399
2082,634-66-2,215.89208
2083,2905-69-3,205.03804
2084,64043-24-9,
2085,2370-63-0,158.19496
2086,69-53-4,349.40476
2087,52663-71-5,395.32322
2088,95-82-9,162.0166
2089,74565-67-6,
2090,1928-45-6,335.2229
2091,37841-25-1,
2092,128639-02-1,412.19117
2093,2634-33-5,151.1857
2094,56996-91-9,
2095,64618-64-0,
2096,62046-37-1,234.0816
2097,15950-66-0,197.44642
2098,110-06-5,178.35852
2099,163515-14-8,
2100,628-76-2,141.0389
2101,103-23-1,370.56648
2102,1064-48-8,572.52724
2103,591-35-5,163.00136
2104,845-52-3,301.406
2105,100-00-5,157.55446
2106,64618-67-3,
2107,4329-03-7,373.7059
2108,99-87-6,134.21816
2109,64-18-6,46.02538
2110,27314-13-2,303.66757
2111,8061-51-6,534.508099
2112,1820-81-1,146.53182
2113,6106-41-8,124.113529
2114,106-50-3,108.14112
2115,126-81-8,140.17968
2116,573-56-8,184.10636
2117,3811-49-2,216.194022
2118,75-36-5,78.49762
2119,78-40-0,182.154662
2120,1197379-18-2,
2121,1302-42-7,81.970108
2122,614-80-2,151.16256
2123,51775-36-1,379.36534
2124,195209-93-9,
2125,88-73-3,157.55446
2126,7783-36-0,497.2426
2127,1066-30-4,229.12816
2128,72027-02-2,
2129,16484-77-8,214.64554
2130,138757-71-8,
2131,97-23-4,269.1233
2132,586-62-9,136.23404
2133,124-48-1,208.27964
2134,7673-09-8,229.45512
2135,56-37-1,227.77348
2136,1634-04-4,88.14818
2137,8004-05-5,160.1964
2138,37337-13-6,
2139,2443-39-2,298.46076
2140,606-34-8,241.11462
2141,72027-01-1,
2142,104-90-5,121.17964
2143,496-11-7,118.1757
2144,97-77-8,296.5392
2145,50-06-6,232.23528
2146,2227-17-0,474.637
2147,58842-20-9,160.1904
2148,443-48-1,171.15396
2149,23950-58-5,256.12784
2150,13453-32-2,310.72900000000004
2151,109-52-4,102.1317
2152,76674-21-0,301.290726
2153,110-75-8,106.55078
2154,103-69-5,121.17964
2155,62441-54-7,429.658559
2156,3204-27-1,282.24936
2157,1315501-18-8,
2158,35693-99-3,291.98804
2159,56840-61-0,253.1708
2160,32534-81-9,564.6909
2161,103-65-1,120.19158
2162,12135-76-1,68.145
2163,134-32-7,143.18516
2164,55219-65-3,295.76462
2165,1871-57-4,124.99644
2166,19381-50-1,878.460508
2167,6283-86-9,202.293
2168,142-62-1,116.15828
2169,6120-10-1,165.2322
2170,1918-18-9,220.05268
2171,79277-27-3,387.3846
2172,28553-12-0,418.60928
2173,98-82-8,120.19158
2174,76560-69-5,
2175,592-46-1,82.1436
2176,94-41-7,208.25518
2177,2385-85-5,545.543
2178,8066-08-8,
2179,134605-64-4,474.8202
2180,138-22-7,146.18426
2181,122008-85-9,357.3807
2182,107-10-8,59.11026
2183,111-31-9,118.24036
2184,8003-46-1,271.4439
2185,122-99-6,138.1638
2186,19549-98-5,140.22274
2187,82-66-6,340.37134
2188,589-90-2,112.2144
2189,3923-52-2,208.25518
2190,95-15-8,134.19824
2191,14089-43-1,268.33136
2192,119-65-3,129.15858
2193,98-00-0,98.09994
2194,732-26-3,262.4302
2195,372137-35-4,
2196,637-07-0,242.6987
2197,65-45-2,137.13598
2198,15263-53-3,237.3344
2199,161326-34-7,311.40138
2200,31366-95-7,186.225969
2201,96-80-0,145.24256
2202,13067-93-1,303.315922
2203,55792-61-5,263.379
2204,81335-37-7,311.33518
2205,95266-40-3,252.26314
2206,554-84-7,139.1088
2207,306-52-5,229.383522
2208,24579-73-5,224.7301
2209,74871-40-2,
2210,76738-62-0,293.7918
2211,5267-27-6,197.15
2212,55-55-0,344.3818
2213,75-47-8,393.73205
2214,6359-98-4,551.2831
2215,35694-08-7,429.76828
2216,28001-58-3,247.3086
2217,123-05-7,128.21204
2218,70124-77-5,451.461926
2219,6602-32-0,173.99536
2220,141-82-2,104.06146
2221,68439-46-3,
2222,37324-23-5,
2223,16060-78-9,264.3638
2224,121-32-4,166.1739
2225,1615-70-9,79.0999
2226,53572-62-6,
2227,1787-61-7,461.379949
2228,134-62-3,191.26948
2229,18472-87-2,829.6403
2230,120116-88-3,324.7843
2231,1198-55-6,247.89088
2232,764-01-2,70.08984
2233,115136-53-3,292.337
2234,882-33-7,218.3378
2235,27983-69-3,
2236,145607-53-0,
2237,58-27-5,172.18002
2238,151-41-7,266.39744
2239,52292-17-8,
2240,53763-67-0,
2241,607-00-1,197.23254
2242,591-89-9,382.8562
2243,14324-55-1,361.9192
2244,548-62-9,407.9788
2245,111-25-1,165.07142
2246,65281-76-7,334.8851
2247,36551-21-0,172.244129
2248,741-58-2,397.513422
2249,78-87-5,112.98574
2250,504-63-2,76.09442
2251,59587-38-1,466.255
2252,1570-76-9,156.6115
2253,161050-58-4,368.46932
2254,1122-54-9,121.13658
2255,77732-09-3,278.30372
2256,63333-35-7,577.93029
2257,50594-66-6,361.65729
2258,63653-52-1,
2259,9003-13-8,190.282
2260,56863-89-9,
2261,172521-84-5,
2262,272451-65-7,682.3911
2263,15165-67-0,235.0664
2264,72-55-9,318.02532
2265,71212-10-7,
2266,5221-53-4,209.28806
2267,19750-95-9,233.13756
2268,15673-00-4,101.19
2269,598-74-3,87.16342
2270,52303-69-2,306.3912
2271,115902-64-2,
2272,106-51-4,108.09476
2273,57-41-0,252.26798
2274,19044-88-3,346.35952
2275,7420-89-5,262.2492
2276,161026-34-2,
2277,79-46-9,89.09318
2278,71531-34-5,
2279,59417-72-0,291.2149
2280,556-61-6,73.11692
2281,72490-01-8,301.33706
2282,4199-10-4,295.8083
2283,109-87-5,76.09442
2284,110-97-4,133.1888
2285,634-83-3,230.90672
2286,120-92-3,84.11642
2287,587-98-4,375.376829
2288,1306-23-6,144.476
2289,1332-65-6,
2290,12616-36-3,
2291,124-02-7,97.15824
2292,28631-35-8,347.2808
2293,780-69-8,240.3709
2294,552-41-0,166.1739
2295,7383-19-9,112.16958
2296,10043-67-1,258.205039
2297,29235-71-0,286.7577
2298,7789-43-7,218.741195
2299,100646-51-3,372.8073
2300,588-59-0,180.2488
2301,4655-34-9,128.16898
2302,16118-49-3,236.26704
2303,1112-38-5,
2304,72-56-0,307.2574
2305,498-66-8,94.1543
2306,179101-81-6,491.1207
2307,122-39-4,169.22244
2308,37680-65-2,257.54298
2309,132-67-2,313.282549
2310,23149-52-2,329.87
2311,110-50-9,363.871
2312,208465-21-8,503.501
2313,123-92-2,130.18486
2314,15708-41-5,367.045649
2315,4301-50-2,258.287503
2316,7632-05-5,358.1412
2317,99-97-8,135.20622
2318,50-21-5,90.07794
2319,10202-92-3,197.15
2320,80-56-8,136.23404
2321,828-00-2,174.19436
2322,121-46-0,92.13842
2323,52769-67-2,217.7578
2324,7747-35-5,143.18362
2325,118-95-6,226.1884
2326,18172-67-3,136.23404
2327,100-46-9,107.15306
2328,605-69-6,234.16504
2329,59708-54-2,
2330,113-48-4,275.3859
2331,18540-29-9,51.9961
2332,71-73-8,264.3173
2333,34398-01-1,216.363
2334,502-56-7,142.23862
2335,5217-47-0,200.25808
2336,302578-96-7,
2337,2282-34-0,221.29546
2338,172520-88-6,
2339,72-48-0,240.21092
2340,178928-70-6,344.25800000000004
2341,115-19-5,84.11642
2342,823-04-1,404.6
2343,134109-51-6,
2344,283594-90-1,370.4876
2345,102-71-6,149.1882
2346,89-62-3,152.15062
2347,57369-32-1,173.21400000000003
2348,56896-76-5,200.6855
2349,145701-21-9,406.2181
2350,65281-77-8,369.3302
2351,50933-14-7,
2352,71265-70-8,
2353,109-57-9,116.18472
2354,50540-61-9,264.8889
2355,578-54-1,121.17964
2356,138789-86-3,
2357,17904-27-7,266.3796
2358,33442-83-0,373.3205
2359,83-42-1,171.58104
2360,12136-45-7,94.195
2361,2720-73-2,202.37924
2362,87820-88-0,329.43328
2363,96-23-1,128.98514
2364,422556-08-9,
2365,121451-02-3,529.1455
2366,13762-51-1,49.9093
2367,9011-70-5,106.441
2368,152-11-4,491.06256
2369,592-41-6,84.15948
2370,13997-73-4,168.62016
2371,172520-92-2,
2372,101-27-9,258.10066
2373,2527-66-4,165.2094
2374,17754-90-4,193.2423
2375,287958-91-2,
2376,2176-62-7,251.3252
2377,495-54-5,212.25048
2378,308079-26-7,
2379,1126-79-0,150.21756
2380,541-85-5,128.21204
2381,80-32-0,284.72206
2382,685-91-6,115.17352
2383,72231-04-0,
2384,2642-71-9,345.377502
2385,21351-39-3,158.13374
2386,527-60-6,136.19098
2387,10045-89-3,284.0388
2388,3254-66-8,303.248182
2389,2495-37-6,176.21178
2390,527-20-8,265.35178
2391,53763-38-5,
2392,882-09-7,214.64554
2393,2536-31-4,274.69904
2394,7647-17-8,168.358452
2395,13466-06-3,
2396,58002-18-9,413.81300000000005
2397,4654-26-6,390.55612
2398,36335-67-8,332.355602
2399,872-50-4,99.13106
2400,287967-92-4,
2401,309-43-3,260.264749
2402,706-14-9,170.24872
2403,172521-37-8,
2404,275-51-4,128.17052
2405,626-93-7,102.17476
2406,72027-04-4,
2407,35948-25-5,215.164482
2408,2234-16-4,189.03864
2409,621-42-1,151.16256
2410,109-76-2,74.1249
2411,5896-54-8,314.4579
2412,653-37-2,196.074256
2413,100-66-3,108.13782
2414,6948-86-3,263.37366
2415,2207-01-4,112.21264
2416,7440-28-0,204.3833
2417,96-17-3,86.1323
2418,53762-96-2,
2419,1663-39-4,128.16898
2420,138789-82-9,
2421,10326-21-3,299.2986
2422,55303-98-5,314.4668
2423,75-85-4,88.14818
2424,51811-79-1,362.4021
2425,86386-73-4,306.2742
2426,98-09-9,176.6207
2427,3926-62-3,116.478849
2428,1702-17-6,191.99952
2429,43222-48-6,360.4274
2430,81335-77-5,289.32966
2431,383-63-1,142.07651
2432,129558-76-5,383.8767
2433,81-82-3,342.773
2434,4779-86-6,112.1649
2435,72026-97-2,
2436,131-79-3,261.3211
2437,3090-36-6,489.3626
2438,291-64-5,98.18606
2439,70225-91-1,
2440,131-91-9,173.16808
2441,7726-95-6,159.808
2442,104098-48-8,275.3066
2443,33360-84-8,
2444,132-65-0,184.25692
2445,56-57-5,190.15554
2446,76-13-1,187.37561
2447,143-18-0,320.55172
2448,34503-11-2,
2449,2034-22-2,304.76544
2450,23526-02-5,701.485342
2451,2869-34-3,199.37606
2452,97-99-4,102.1317
2453,7440-62-2,50.9415
2454,112-05-0,158.23802
2455,13597-44-9,145.4432
2456,38380-07-3,360.87816
2457,172521-52-7,
2458,72-14-0,255.31666
2459,53763-70-5,
2460,8012-55-3,
2461,86091-22-7,
2462,53239-78-4,
2463,9003-27-4,56.1072
2464,1948-33-0,166.21696
2465,1197379-16-0,
2466,791-28-6,278.284862
2467,1161016-82-5,
2468,56863-90-2,
2469,6921-29-5,131.17446
2470,95-80-7,122.1677
2471,126851-28-3,
2472,99607-70-2,335.8297
2473,25606-41-1,224.72824
2474,141517-21-7,408.3763
2475,51222-40-3,
2476,29122-68-7,266.33608
2477,2312-35-8,350.47234
2478,5436-43-1,485.7948
2479,6257-64-3,268.3568
2480,174300-34-6,
2481,165252-70-0,202.2126
2482,110-43-0,114.18546
2483,120-21-8,177.2429
2484,2961-68-4,315.0049
2485,756-80-9,158.179542
2486,553-97-9,122.12134
2487,544-40-1,146.29352
2488,16919-19-0,178.153
2489,181274-17-9,418.280979
2490,94125-34-5,419.3777
2491,64618-71-9,
2492,646-06-0,74.07854
2493,818-61-1,116.11522
2494,7292-16-2,304.342202
2495,7212-44-4,222.36634
2496,67614-33-9,419.9067
2497,105726-67-8,185.3088
2498,1520-78-1,287.75656
2499,183675-82-3,
2500,3486-35-9,125.3889
2501,53-86-1,357.78764
2502,64924-67-0,495.5975
2503,149877-41-8,300.3566
2504,77-71-4,128.12922
2505,142-92-7,144.21144
2506,7681-57-4,190.106539
2507,4321-64-6,263.2045
2508,818-72-4,126.19616
2509,2303-16-4,270.21908
2510,18368-63-3,127.57154
2511,28434-01-7,338.4456
2512,1324-11-4,490.1498
2513,121-44-8,101.19
2514,3944-76-1,114.18700000000001
2515,139637-98-2,
2516,83-59-0,362.41684
2517,98-05-5,202.03958
2518,7012-37-5,257.54298
2519,58561-80-1,
2520,25875-51-8,334.20322
2521,2357-47-3,179.114913
2522,865363-39-9,
2523,37211-05-5,129.5994
2524,58-14-0,248.71142
2525,8075-74-9,
2526,25322-69-4,134.17356
2527,544-77-4,352.33769
2528,110-94-1,132.11462
2529,1965-09-9,202.206
2530,631-61-8,77.08248
2531,6284-83-9,271.44214
2532,1686-64-2,
2533,24938-91-8,244.4166
2534,8004-98-6,505.0127
2535,10187-52-7,291.1087
2536,172521-19-6,
2537,37764-25-3,208.08504
2538,39290-50-1,
2539,138757-76-3,
2540,82692-44-2,431.3118
2541,318-98-9,295.80438
2542,110-19-0,116.15828
2543,13209-15-9,421.74924
2544,96182-53-5,318.3701
2545,5221-49-8,305.3311
2546,25321-22-6,147.0036
2547,70887-84-2,
2548,769-28-8,148.16192
2549,104-94-9,123.15246
2550,10004-44-1,99.088
2551,88-75-5,139.1088
2552,130-22-3,342.255949
2553,12771-68-5,256.29974
2554,950-35-6,247.141862
2555,8070-92-6,584.3785
2556,64365-06-6,
2557,100784-20-1,434.8122
2558,868-85-9,109.041002
2559,439-14-5,284.74022
2560,65337-13-5,70.0908
2561,626-17-5,128.13076
2562,75-56-9,58.07914
2563,760-23-6,124.99644
2564,9004-32-4,263.1994
2565,127289-42-3,
2566,2463-84-5,297.652522
2567,3547-04-4,251.15108
2568,6980-18-3,379.363
2569,13952-84-6,73.13684
2570,38727-55-8,311.80378
2571,127-06-0,73.09378
2572,85977-73-7,
2573,618-62-2,191.99952
2574,64618-66-2,
2575,103055-07-8,511.155
2576,96-41-3,86.1323
2577,950782-86-2,
2578,3252-43-5,198.84404
2579,156052-68-5,336.64134
2580,544-92-3,89.564
2581,738-70-5,290.31772
2582,153233-91-1,359.415
2583,80-15-9,152.19038
2584,16022-69-8,280.3651
2585,15662-33-6,493.5467
2586,60440-48-4,
2587,79-10-7,72.06266
2588,64618-63-9,
2589,56863-93-5,
2590,618-87-1,183.1216
2591,58561-78-7,
2592,103-90-2,151.16256
2593,75534-59-7,
2594,1937-37-7,781.727939
2595,112-29-8,221.17774
2596,761-65-9,157.25326
2597,4316-42-1,124.18358
2598,319-89-1,172.09236
2599,107-29-9,59.0672
2600,937-20-2,189.03864
2601,108-94-1,98.143
2602,1689-83-4,370.91376
2603,94-67-7,137.13598
2604,74-89-5,31.0571
2605,253-52-1,130.14664
2606,105512-06-9,349.7454
2607,20018-09-1,422.02186
2608,618-85-9,182.13354
2609,90-59-5,279.91346
2610,77-92-9,192.12352
2611,3813-05-6,243.66684
2612,31502-57-5,205.6839
2613,53558-25-1,272.25938
2614,61-68-7,241.2851
2615,57-43-2,226.27222
2616,106-63-8,128.16898
2617,116714-46-6,492.7093
2618,101836-92-4,292.1801
2619,16068-46-5,212.2654
2620,51481-61-9,252.33924
2621,133-32-4,203.23712
2622,333-43-7,260.3485
2623,302-95-4,414.553829
2624,13863-31-5,900.893459
2625,858956-08-8,
2626,693-16-3,129.24316
2627,56207-39-7,197.15
2628,29632-98-2,212.1523
2629,83121-18-0,381.1132
2630,1478-61-1,336.229119
2631,57-68-1,278.33016
2632,29553-26-2,160.110033
2633,245367-77-5,
2634,298-07-7,322.420462
2635,140-01-2,503.255666
2636,109-21-7,144.21144
2637,2973-76-4,231.04338
2638,6485-40-1,150.21756
2639,7778-74-7,138.5489
2640,700-38-9,153.13538
2641,15128-82-2,140.09686
2642,149961-52-4,
2643,56108-12-4,177.2456
2644,39905-57-2,193.28536
2645,327-98-0,333.598842
2646,94-62-2,285.33766
2647,464-45-9,154.24932
2648,56996-78-2,
2649,7250-67-1,170.0814
2650,23031-36-9,300.39206
2651,107-45-9,129.24316
2652,2467-02-9,200.23318
2653,58138-08-2,320.42698
2654,11096-42-7,518.21196
2655,141-33-3,172.2353
2656,145701-23-1,
2657,91-88-3,179.25878
2658,110-80-5,90.121
2659,127289-58-1,
2660,83-26-1,230.25916
2661,125225-28-7,333.8601
2662,72027-03-3,
2663,56996-37-3,
2664,101-81-5,168.23438
2665,141-28-6,202.24752
2666,83588-43-6,302.7578
2667,7576-65-0,289.2898
2668,60-24-2,78.13344
2669,75-89-8,100.03983
2670,512-56-1,140.074922
2671,12264-18-5,330.3092
2672,5138-90-9,214.601929
2673,20824-56-0,326.3058
2674,127277-53-6,462.46068
2675,108-42-9,127.57154
2676,14729-82-9,
2677,1161016-80-3,
2678,56864-03-0,
2679,106-43-4,126.58348
2680,75-50-3,59.11026
2681,16672-87-0,144.494002
2682,53780-34-0,310.29273
2683,148-18-5,171.259369
2684,52-53-9,454.60162
2685,7704-34-9,32.065
2686,7779-90-0,386.082724
2687,13390-47-1,686.686699
2688,67254-71-1,
2689,214710-34-6,
2690,99-71-8,150.21756
2691,616-45-5,85.10448
2692,5450-96-4,294.211059
2693,1300-21-6,
2694,1111-78-0,78.07054
2695,103-84-4,135.16316
2696,496-16-2,120.14852
2697,55949-38-7,96.0884
2698,67-45-8,225.15828
2699,22037-97-4,178.3502
2700,592-76-7,98.18606
2701,518-75-2,250.24726
2702,139-89-9,344.207
2703,98-04-4,263.11863
2704,1634-02-2,408.75184
2705,68952-95-4,
2706,124-18-5,142.286
2707,135590-91-9,
2708,57987-02-7,
2709,7784-40-9,347.12714
2710,2859-67-8,137.17904
2711,583-53-9,235.90396
2712,2425-66-3,123.53824
2713,106-94-5,122.99168
2714,447-60-9,171.11927
2715,994-05-8,102.17476
2716,61966-36-7,227.4743
2717,55-86-7,192.51448
2718,18292-97-2,227.1311
2719,39638-32-9,171.06488
2720,141-93-5,134.21816
2721,84-62-8,318.32276
2722,19406-51-0,197.14818
2723,4151-50-2,527.197994
2724,95-71-6,124.13722
2725,66231-17-2,
2726,26972-01-0,
2727,64618-65-1,
2728,2245-38-7,170.25026
2729,502-39-6,298.69654
2730,532-27-4,154.59358
2731,13684-56-5,300.30924
2732,104-76-7,130.22792
2733,616-86-4,182.1766
2734,91-66-7,149.2328
2735,1413933-05-7,
2736,59-06-3,237.2518
2737,25550-58-7,
2738,106-92-3,114.1424
2739,110-16-7,116.07216
2740,40465-66-5,169.0737
2741,105-14-6,157.25326
2742,51-21-8,130.077223
2743,1080-32-6,228.224642
2744,500-85-6,199.2086
2745,666-84-2,288.4722
2746,72027-05-5,
2747,302-17-0,165.40302
2748,64628-44-0,358.7038
2749,144-49-0,78.042423
2750,2386-53-0,272.379869
2751,172521-57-2,
2752,172520-86-4,
2753,18854-01-8,313.309202
2754,1694-09-3,733.871169
2755,151-01-9,122.20914
2756,10045-94-0,324.5998
2757,15930-84-4,247.1439
2758,172521-71-0,
2759,2539-26-6,257.5005
2760,31934-88-0,158.5841
2761,4839-46-7,160.16778
2762,71862-02-7,169.6103
2763,163520-33-0,295.3372
2764,2581-34-2,153.13538
2765,22224-92-6,303.357442
2766,104-43-8,262.4302
2767,54812-31-6,307.2143
2768,141-53-7,68.007209
2769,61949-77-7,391.2877
2770,609-89-2,207.99892
2771,37220-35-2,
2772,1302-78-9,180.060857
2773,123-96-6,130.22792
2774,2835-99-6,123.15246
2775,25769-03-3,147.26166
2776,1058-92-0,518.8076
2777,93-79-8,311.58882
2778,65996-78-3,
2779,95-16-9,135.1863
2780,2074-67-1,126.0487
2781,75603-06-4,
2782,7398-69-8,161.67234
2783,1647-16-1,138.24992
2784,60-09-3,197.23584
2785,513-81-5,82.1436
2786,506-68-3,105.9214
2787,7345-69-9,186.2305
2788,55635-13-7,345.365929
2789,138757-72-9,
2790,39412-51-6,
2791,3344-14-7,277.234042
2792,57960-19-7,384.5144
2793,4654-18-6,390.5618
2794,83713-16-0,
2795,110-93-0,126.19616
2796,16941-12-1,409.8238
2797,37228-47-0,
2798,7439-96-5,54.938049
2799,29385-43-1,133.1524
2800,56-81-5,92.09382
2801,591-78-6,100.15888
2802,56863-99-1,
2803,825-90-1,196.1529
2804,57-33-0,249.261989
2805,100-71-0,107.15306
2806,138757-63-8,
2807,172520-73-9,
2808,5464-71-1,202.29058
2809,100092-74-8,
2810,2985-59-3,382.53566
2811,271-89-6,118.13264
2812,68140-48-7,258.4028
2813,73561-16-7,
2814,96-05-9,126.1531
2815,4117-14-0,154.24932
2816,59417-73-1,293.2307
2817,6416-68-8,449.456909
2818,75-04-7,45.08368
2819,123-42-2,116.15828
2820,34911-46-1,199.5933
2821,16530-58-8,
2822,95-87-4,122.1644
2823,629-19-6,150.30536
2824,1129-35-7,161.15738
2825,53-96-3,223.26982
2826,13963-58-1,332.3334
2827,525-82-6,222.2387
2828,53763-61-4,
2829,13350-71-5,364.9132
2830,615-65-6,141.59812
2831,623-05-2,124.13722
2832,172521-20-9,
2833,619-80-7,166.13414
2834,16637-16-4,270.027
2835,60463-12-9,169.1366
2836,62-56-6,76.12086
2837,109-75-1,67.0892
2838,20662-84-4,111.14176
2839,53404-60-7,184.2493
2840,63148-69-6,
2841,7681-11-0,166.00277
2842,11138-66-2,
2843,10457-66-6,246.3486
2844,172521-43-6,
2845,2782-91-4,132.22718
2846,846-70-8,335.2
2847,71283-80-2,361.7811
2848,150-38-9,412.2362
2849,37222-66-5,462.59628
2850,72026-98-3,
2851,4904-61-4,162.2742
2852,577-19-5,202.00546
2853,28711-29-7,126.0945
2854,13814-96-5,380.809226
2855,56392-17-7,684.81464
2856,7790-98-9,117.48906
2857,89-68-9,184.66262
2858,7803-57-8,50.06044
2859,1224510-29-5,
2860,68439-70-3,269.5128
2861,139968-49-3,
2862,107-14-2,75.49698
2863,138757-73-0,
2864,63821-86-3,665.6151
2865,55-21-0,121.13658
2866,62852-89-5,
2867,78-00-2,323.4444
2868,120068-36-2,453.1456
2869,70343-06-5,197.15
2870,136-85-6,133.15058
2871,111-26-2,101.19
2872,53763-42-1,
2873,868-77-9,130.1418
2874,32536-52-0,801.3792
2875,52038-48-9,
2876,98-33-9,187.21626
2877,2216-51-5,156.2652
2878,813-78-5,126.048342
2879,111-47-7,118.24036
2880,88-68-6,136.15122
2881,1928-43-4,333.25008
2882,19480-43-4,300.77784
2883,789-02-6,354.48626
2884,120-07-0,181.2316
2885,928-97-2,100.15888
2886,131-55-5,246.2155
2887,12738-46-4,
2888,63148-62-9,
2889,3212-28-0,
2890,475-20-7,204.35106
2891,57-62-5,478.87962
2892,12124-97-9,97.94246
2893,134-30-5,337.2854
2894,35065-27-1,360.87816
2895,54910-89-3,309.3305
2896,532-34-3,226.26892
2897,2416-94-6,136.19098
2898,6266-23-5,173.59692
2899,590-86-3,86.1323
2900,108-73-6,126.11004
2901,1161016-86-9,
2902,188425-85-6,343.2116
2903,69770-23-6,254.32362
2904,172520-89-7,
2905,525-66-6,259.34344
2906,156-54-7,110.086949
2907,7790-59-2,221.1542
2908,932-16-1,123.15246
2909,7790-58-1,253.7948
2910,3547-33-9,190.34608
2911,872-31-1,163.03562
2912,36001-88-4,304.302442
2913,85-84-7,247.29452
2914,112-53-8,186.33424
2915,26148-68-5,183.20926
2916,7209-38-3,200.32436
2917,66829-03-6,
2918,172521-27-6,
2919,70901-12-1,
2920,95-63-6,120.19158
2921,138757-64-9,
2922,22555-16-4,
2923,116255-48-2,377.06388
2924,91-15-6,128.13076
2925,470-82-6,154.24932
2926,10026-11-6,233.036
2927,123-38-6,58.07914
2928,98-51-1,148.24474
2929,616-73-9,198.13294
2930,629-04-9,179.098
2931,105-99-7,258.35384
2932,126602-90-2,
2933,42874-03-3,361.70035
2934,75-31-0,59.11026
2935,13927-77-0,467.44524
2936,108-11-2,102.17476
2937,81103-11-9,747.95336
2938,86090-90-6,
2939,2759-28-6,176.25814
2940,3734-48-3,338.87264
2941,500-22-1,107.11
2942,57017-75-1,
2943,545-55-1,173.152742
2944,25482-49-9,
2945,85509-19-9,315.392706
2946,87-91-2,206.19316
2947,61096-84-2,236.3102
2948,593-08-8,198.34494
2949,17584-12-2,124.14382
2950,6636-78-8,129.54436
2951,108-80-5,129.07422
2952,138789-53-4,
2953,575-41-7,156.22368
2954,3663-24-9,
2955,140-89-6,160.2995
2956,570-24-1,152.15062
2957,22104-62-7,129.2001
2958,51200-87-4,101.14694
2959,598-02-7,154.101502
2960,104-13-2,149.2328
2961,66829-04-7,
2962,106-95-6,120.9758
2963,96-29-7,87.12036
2964,7705-07-9,154.226
2965,1982-42-9,220.0548
2966,53988-71-9,
2967,21145-77-7,258.39844
2968,112226-61-6,330.8133
2969,112-02-7,319.99648
2970,100-64-1,113.15764
2971,120-62-7,324.47812
2972,3033-77-0,151.63446
2973,5372-81-6,209.19864
2974,506-96-7,122.94862
2975,5471-08-9,340.4366
2976,97-64-3,118.1311
2977,87-62-7,121.17964
2978,75-65-0,74.1216
2979,30406-18-9,145.1995
2980,620-88-2,215.20476
2981,172521-35-6,
2982,97780-06-8,410.40502
2983,172521-73-2,
2984,123-25-1,174.19436
2985,138790-63-3,
2986,33704-61-9,206.3272
2987,9000-30-0,
2988,2439-77-2,151.16256
2989,7377-03-9,159.2278
2990,14402-89-2,261.9211
2991,172521-58-3,
2992,120786-56-3,
2993,1929-86-8,252.7359
2994,1439-07-2,196.2482
2995,59417-74-2,275.1543
2996,66594-33-0,
2997,113136-77-9,274.10006
2998,97502-63-1,
2999,110-49-6,118.1311
3000,72963-72-5,318.3718
3001,514-10-3,302.451
3002,933-78-8,197.44642
3003,57465-28-8,326.4331
3004,120067-83-6,
3005,1686-59-5,
3006,172521-30-1,
3007,56348-40-4,178.3502
3008,108-21-4,102.1317
3009,26027-38-3,264.407
3010,118-93-4,136.14792
3011,1066-51-9,111.037002
3012,28804-88-8,156.2268
3013,1520-77-0,308.1754
3014,160-02-1,
3015,12125-01-8,37.036863
3016,14299-51-5,255.4847
3017,126-22-7,327.526522
3018,87-72-9,150.1299
3019,603-86-1,173.55386
3020,504-29-0,94.11454
3021,135285-90-4,
3022,126535-15-7,492.4289
3023,64618-70-8,
3024,123-01-3,246.4308
3025,7533-79-1,441.0473
3026,85-44-9,148.11556
3027,8011-76-5,236.068364
3028,563-80-4,86.1323
3029,78565-30-7,
3030,53763-11-4,
3031,616-72-8,196.16012
3032,66558-68-7,277.1701
3033,302578-97-8,
3034,7132-27-6,216.7101
3035,27176-93-8,308.46
3036,138757-65-0,
3037,20668-33-1,157.21174
3038,2232-08-8,222.2636
3039,16984-48-8,18.998
3040,77-06-5,346.37438
3041,864076-54-0,
3042,812-70-4,
3043,20679-58-7,329.9706
3044,66860-80-8,448.2581
3045,99-51-4,151.16256
3046,578-46-1,152.15062
3047,17781-31-6,330.2128
3048,60-13-9,368.4902
3049,459-59-6,125.143523
3050,610-37-7,183.1202
3051,34274-04-9,269.34
3052,4798-44-1,100.15888
3053,7699-45-8,225.188
3054,53763-10-3,
3055,3148-72-9,322.26862
3056,7440-36-0,121.76
3057,123-15-9,100.15888
3058,471-34-1,100.0869
3059,1162-65-8,312.27358
3060,135-01-3,134.21816
3061,172521-36-7,
3062,79124-76-8,267.10742
3063,112-20-9,143.26974
3064,54739-18-3,318.33465
3065,10543-57-4,228.24504
3066,544-18-3,148.968075
3067,2138-22-9,144.5557
3068,53763-56-7,
3069,79-31-2,88.10512
3070,16893-85-9,188.0559
3071,73606-19-6,
3072,109-59-1,104.14758
3073,7440-56-4,72.64
3074,3090-35-5,571.5062
3075,70-69-9,149.18974
3076,111-86-4,129.24316
3077,2465-27-2,303.82968
3078,6175-49-1,184.31836
3079,1072-97-5,173.0106
3080,25319-82-8,
3081,111-30-8,100.11582
3082,635-93-8,156.5664
3083,73263-81-7,
3084,61977-06-8,244.3328
3085,1421-14-3,337.41068
3086,95328-23-7,
3087,120-51-4,212.24388
3088,95-77-2,163.00136
3089,764-13-6,110.19676
3090,25646-71-3,836.99352
3091,53763-53-4,
3092,33323-93-2,338.8754
3093,72027-00-0,
3094,7307-55-3,171.3229
3095,12071-83-9,289.77042
3096,15541-45-4,127.901
3097,30030-25-2,152.6231
3098,5395-75-5,150.30536
3099,693-98-1,82.10384
3100,103-76-4,130.18816
3101,130-20-1,511.31188
3102,54650-57-6,
3103,13608-87-2,223.4837
3104,172521-64-1,
3105,27541-88-4,318.5433
3106,16039-53-5,245.53588
3107,51142-62-2,
3108,96-13-9,217.88714
3109,100-37-8,117.1894
3110,1161016-84-7,
3111,621-08-9,230.32536
3112,1891-95-8,188.01082
3113,108-89-4,93.12648
3114,375-22-4,214.038362
3115,100-63-0,108.14112
3116,13601-19-9,303.9123
3117,2122-70-5,214.25976
3118,15323-35-0,244.37186
3119,561056-62-0,
3120,186825-36-5,
3121,114247-09-5,
3122,123-34-2,132.15768
3123,95-68-1,121.17964
3124,3452-97-9,144.2545
3125,591-27-5,109.12588
3126,12030-91-0,268.04438
3127,26952-20-5,353.6753
3128,2012-00-2,307.238422
3129,7439-91-0,138.9055
3130,54812-32-7,291.1537
3131,1482-15-1,112.16958
3132,15045-43-9,128.21204
3133,138790-38-2,
3134,112-50-5,178.22612
3135,75-52-5,61.04002
3136,7637-07-2,67.80621
3137,102-08-9,228.31278
3138,485-49-4,367.35208
3139,13450-90-3,176.082
3140,172520-83-1,
3141,607-81-8,250.29032
3142,822-86-6,153.0496
3143,619-72-7,148.11886
3144,21923-23-9,361.244762
3145,14548-45-9,262.1053
3146,244094-40-4,
3147,8000-29-1,
3148,335-76-2,514.083401
3149,78-70-6,154.24932
3150,57808-65-8,663.0737
3151,609-19-8,197.44642
3152,118-52-5,197.01934
3153,107-87-9,86.1323
3154,103-82-2,136.14792
3155,25265-71-8,134.175
3156,589-09-3,133.19034
3157,64618-69-5,
3158,939-23-1,155.19586
3159,25338-51-6,160.2584
3160,54576-32-8,178.35852
3161,5683-33-0,122.1677
3162,13462-86-7,233.3976
3163,137-19-9,179.00076
3164,2051-79-8,214.73496
3165,108-86-1,157.0079
3166,1321-94-4,142.2
3167,387-45-1,158.557463
3168,3206-31-3,233.2206
3169,119364-85-1,
3170,102-27-2,135.20622
3171,67487-87-0,477.7442
3172,172521-70-9,
3173,123-03-5,339.98612
3174,1484-26-0,199.24842
3175,683-72-7,127.95732
3176,141-91-3,115.17352
3177,13673-92-2,179.00076
3178,112-36-7,162.22672
3179,14548-46-0,183.20596
3180,693-93-6,83.0886
3181,32289-58-0,
3182,5598-15-2,334.520702
3183,874-42-0,175.01206
3184,1945-53-5,302.451
3185,79-77-6,192.2973
3186,14433-76-2,199.333
3187,96-12-8,236.3328
3188,103-83-3,135.20622
3189,62-55-5,75.1328
3190,37529-30-9,233.39228
3191,140-11-4,150.1745
3192,111991-09-4,410.40502
3193,53763-34-1,
3194,3380-30-1,255.1
3195,103-05-9,164.24414
3196,14008-58-3,221.2584
3197,53762-97-3,
3198,52316-55-9,289.1841
3199,499-83-2,167.1189
3200,68-11-1,92.11696
