,cas
0,10108-64-2
1,88-30-2
2,1397-94-0
3,25474-41-3
4,540-72-7
5,72-43-5
6,2921-88-2
7,19902-04-6
8,7757-82-6
9,7758-98-7
10,87-86-5
11,12642-13-6
12,1918-13-4
13,13746-66-2
14,1563-66-2
15,17109-36-3
16,93-15-2
17,63-25-2
18,42615-29-2
19,52-68-6
20,50-29-3
21,57-12-5
22,30560-19-1
23,504-24-5
24,72-20-8
25,79-57-2
26,8018-01-7
27,900-95-8
28,90-15-3
29,7761-88-8
30,35367-38-5
31,8027-85-8
32,7783-06-4
33,76930-58-0
34,12789-03-6
35,13410-01-0
36,1918-00-9
37,22781-23-3
38,540-88-5
39,88-85-7
40,3383-96-8
41,7778-50-9
42,121-82-4
43,35400-43-2
44,77-75-8
45,10124-36-4
46,10043-52-4
47,732-11-6
48,83-79-4
49,75-99-0
50,7440-50-8
51,55406-53-6
52,68951-67-7
53,608-73-1
54,27344-41-8
55,121-75-5
56,10102-06-4
57,96638-72-1
58,148-79-8
59,64618-68-4
60,1897-45-6
61,81406-37-3
62,13171-21-6
63,7681-52-9
64,78-99-9
65,188023-86-1
66,1194-65-6
67,52315-07-8
68,298-46-4
69,7447-39-4
70,94-75-7
71,50-00-0
72,107-06-2
73,21609-90-5
74,100-70-9
75,142-71-2
76,7439-97-6
77,84-65-1
78,121-33-5
79,143-33-9
80,22936-75-0
81,10599-90-3
82,81-81-2
83,8001-35-2
84,333-20-0
85,481-39-0
86,7487-94-7
87,8005-78-5
88,1982-47-4
89,111-27-3
90,7733-02-0
91,7646-85-7
92,40487-42-1
93,67375-30-8
94,75-91-2
95,708-76-9
96,106-48-9
97,1420-04-8
98,2212-67-1
99,315-18-4
100,111-90-0
101,1344-67-8
102,7773-06-0
103,16752-77-5
104,51-28-5
105,140-66-9
106,1929-73-3
107,9002-92-0
108,206-44-0
109,67-66-3
110,78-48-8
111,299-84-3
112,37262-61-6
113,7786-81-4
114,7664-41-7
115,115-29-7
116,55-38-9
117,77-47-4
118,5064-31-3
119,10099-74-8
120,12125-02-9
121,142-28-9
122,10343-61-0
123,11096-82-5
124,91-20-3
125,7440-43-9
126,584-79-2
127,76-44-8
128,100-02-7
129,4214-79-3
130,2499-95-8
131,629-97-0
132,148-53-8
133,60-57-1
134,71-36-3
135,128-37-0
136,42576-02-3
137,39289-94-6
138,2008-39-1
139,10453-86-8
140,1071-83-6
141,15299-99-7
142,126-33-0
143,298-00-0
144,151-50-8
145,75-09-2
146,60-51-5
147,38641-94-0
148,93-72-1
149,57213-69-1
150,86-74-8
151,1582-09-8
152,1445-75-6
153,141-78-6
154,63231-50-5
155,108-88-3
156,52645-53-1
157,66330-88-9
158,120-80-9
159,143-50-0
160,133-06-2
161,80-06-8
162,7647-14-5
163,122-14-5
164,12672-29-6
165,34128-01-3
166,112-56-1
167,7784-46-5
168,10042-84-9
169,3251-23-8
170,111-15-9
171,54-64-8
172,127-65-1
173,626201-67-0
174,333-41-5
175,771-60-8
176,120-83-2
177,87-68-3
178,58-89-9
179,7446-18-6
180,2032-59-9
181,2540-82-1
182,1192-89-8
183,56-38-2
184,5137-55-3
185,56-23-5
186,84-74-2
187,52918-63-5
188,27554-26-3
189,542-75-6
190,28249-77-6
191,16090-02-1
192,57-74-9
193,104-40-5
194,39515-41-8
195,134-20-3
196,98-01-1
197,13071-79-9
198,9016-45-9
199,569-64-2
200,7789-00-6
201,126-72-7
202,111-42-2
203,90-12-0
204,56-35-9
205,60617-06-3
206,120-18-3
207,78-90-0
208,71-43-2
209,302-01-2
210,65954-19-0
211,12680-48-7
212,1746-81-2
213,2163-80-6
214,709-98-8
215,60-29-7
216,141112-29-0
217,301-04-2
218,68333-79-9
219,26259-45-0
220,5915-41-3
221,25171-63-5
222,7439-89-6
223,29450-45-1
224,55335-06-3
225,101-20-2
226,1910-42-5
227,51630-58-1
228,1320-18-9
229,56996-80-6
230,123-31-9
231,7440-66-6
232,13593-03-8
233,85-00-7
234,86-50-0
235,124-65-2
236,14986-84-6
237,950-37-8
238,89-83-8
239,131-52-2
240,70-38-2
241,101200-48-0
242,7632-00-0
243,6515-38-4
244,1678-91-7
245,597-64-8
246,3648-20-2
247,51235-04-2
248,72574-95-9
249,577-85-5
250,105-67-9
251,26002-80-2
252,101-05-3
253,100473-08-3
254,5234-68-4
255,3766-81-2
256,95-50-1
257,10102-18-8
258,6491-02-7
259,109-97-7
260,151-21-3
261,120068-37-3
262,8002-13-9
263,9002-93-1
264,7647-15-6
265,7782-49-2
266,122-88-3
267,94-82-6
268,8003-34-7
269,57571-05-8
270,94-80-4
271,108-90-7
272,2597-03-7
273,50-28-2
274,13517-11-8
275,122-34-9
276,7803-55-6
277,42087-80-9
278,4180-12-5
279,1912-24-9
280,10031-82-0
281,7700-17-6
282,4404-43-7
283,95-76-1
284,117718-60-2
285,14484-64-1
286,10325-94-7
287,127-18-4
288,534-22-5
289,100-52-7
290,39403-84-4
291,39148-24-8
292,122-42-9
293,15972-60-8
294,115-96-8
295,108-95-2
296,2164-17-2
297,120-82-1
298,82-68-8
299,5827-05-4
300,67-72-1
301,152-16-9
302,2032-65-7
303,330-54-1
304,129630-19-9
305,1330-69-4
306,7446-08-4
307,7789-09-5
308,74665-86-4
309,11121-48-5
310,106-89-8
311,25954-13-6
312,8030-30-6
313,319-84-6
314,95-95-4
315,7790-92-3
316,7723-14-0
317,287967-89-9
318,66230-04-4
319,7722-64-7
320,119446-68-3
321,7631-99-4
322,2310-17-0
323,7440-22-4
324,2896-70-0
325,95312-94-0
326,111-87-5
327,23564-05-8
328,3772-94-9
329,3084-62-6
330,141-43-5
331,834-12-8
332,2439-10-3
333,33125-97-2
334,84852-15-3
335,25155-30-0
336,111-55-7
337,93-91-4
338,108-87-2
339,62-73-7
340,115-86-6
341,55285-14-8
342,556-67-2
343,7782-86-7
344,156410-04-7
345,65996-94-3
346,7778-54-3
347,12407-86-2
348,78-34-2
349,68424-85-1
350,8067-49-0
351,36734-19-7
352,12772-06-4
353,9006-42-2
354,288-88-0
355,51218-45-2
356,58-90-2
357,80-62-6
358,1420-06-0
359,80-05-7
360,2117-11-5
361,106-46-7
362,56-72-4
363,39278-82-5
364,1120-01-0
365,61791-26-2
366,121-14-2
367,66594-31-8
368,71-23-8
369,2164-07-0
370,2545-59-7
371,37353-63-2
372,110-83-8
373,147150-35-4
374,2425-06-1
375,7783-20-2
376,5903-13-9
377,56902-08-0
378,117-81-7
379,1918-02-1
380,3825-26-1
381,7697-37-2
382,1313-82-2
383,1330-20-7
384,41198-08-7
385,99-65-0
386,116580-64-4
387,3698-83-7
388,14214-89-2
389,142-87-0
390,115-32-2
391,88-72-2
392,7787-47-5
393,94-09-7
394,1303-28-2
395,23210-56-2
396,465-73-6
397,118-74-1
398,1191-50-0
399,608-71-9
400,177256-67-6
401,1918-16-7
402,137-26-8
403,118-96-7
404,55-63-0
405,87392-12-9
406,75139-62-7
407,66332-96-5
408,63449-39-8
409,52769-87-6
410,924-41-4
411,84-75-3
412,1327-53-3
413,93-76-5
414,110-91-8
415,4685-14-7
416,59756-60-4
417,6203-18-5
418,60207-90-1
419,2698-41-1
420,2008-41-5
421,408-27-5
422,126-73-8
423,13360-45-7
424,556-88-7
425,3861-41-4
426,91-53-2
427,107-64-2
428,2104-64-5
429,538-68-1
430,75-01-4
431,7775-09-9
432,127-66-2
433,7757-79-1
434,858954-83-3
435,75-35-4
436,13411-16-0
437,7782-50-5
438,13510-49-1
439,75139-61-6
440,7758-19-2
441,3648-36-0
442,11097-69-1
443,115-09-3
444,2655-19-8
445,13463-67-7
446,14798-03-9
447,53404-31-2
448,124-63-0
449,61-82-5
450,309-00-2
451,1129-41-5
452,95-01-2
453,1336-21-6
454,57-14-7
455,7446-70-0
456,13181-17-4
457,1314-62-1
458,136-25-4
459,19937-59-8
460,95-51-2
461,81-88-9
462,1305-62-0
463,2223-93-0
464,62-38-4
465,67564-91-4
466,3691-35-8
467,205650-65-3
468,3737-09-5
469,541-73-1
470,150-68-5
471,110-86-1
472,8066-11-3
473,75-21-8
474,563-12-2
475,98-06-6
476,140-41-0
477,94-81-5
478,64-75-5
479,7440-47-3
480,96300-97-9
481,37264-94-1
482,4136-91-8
483,10028-22-5
484,549-18-8
485,62-53-3
486,504-20-1
487,1929-82-4
488,118-55-8
489,121-73-3
490,11067-81-5
491,2274-99-9
492,1740-19-8
493,125401-92-5
494,51338-27-3
495,98-95-3
496,27774-13-6
497,26264-06-2
498,81334-34-1
499,97-53-0
500,15687-27-1
501,77-73-6
502,298-02-2
503,106-47-8
504,71706-07-5
505,8001-54-5
506,50-31-7
507,13909-73-4
508,79983-71-4
509,108-05-4
510,13826-65-8
511,55268-74-1
512,5829-48-1
513,680-31-9
514,506-87-6
515,4901-51-3
516,114-07-8
517,91-64-5
518,2058-46-0
519,52623-84-4
520,1310-73-2
521,88-89-1
522,79-01-6
523,17804-35-2
524,13389-42-9
525,27619-97-2
526,16721-80-5
527,7786-34-7
528,107-13-1
529,158062-67-0
530,122-03-2
531,61790-13-4
532,8067-55-8
533,7440-38-2
534,64700-56-7
535,75-25-2
536,80844-07-1
537,15271-41-7
538,108-24-7
539,1464-42-2
540,400852-66-6
541,10043-01-3
542,7718-54-9
543,8027-00-7
544,56425-91-3
545,1656-48-0
546,78-83-1
547,61711-25-9
548,95-65-8
549,554-00-7
550,110-88-3
551,108-67-8
552,50934-16-2
553,78-51-3
554,8065-48-3
555,1330-43-4
556,7775-11-3
557,57-55-6
558,1745-81-9
559,10043-35-3
560,7758-09-0
561,110-82-7
562,1330-78-5
563,19398-13-1
564,59-50-7
565,7601-54-9
566,12698-87-2
567,76-87-9
568,17418-58-5
569,137-29-1
570,64902-72-3
571,121552-61-2
572,111-76-2
573,2691-41-0
574,94-74-6
575,39331-45-8
576,172521-76-5
577,80-38-6
578,39341-15-6
579,13463-41-7
580,1468-37-7
581,7631-90-5
582,576-26-1
583,109-77-3
584,619-24-9
585,485-31-4
586,12797-87-4
587,62010-28-0
588,7778-39-4
589,1121-76-2
590,56996-90-8
591,7664-38-2
592,34455-29-3
593,7487-88-9
594,1334-77-6
595,120928-09-8
596,111-66-0
597,260-94-6
598,7699-43-6
599,181274-15-7
600,1113-02-6
601,5258-64-0
602,15067-52-4
603,361377-29-9
604,127-20-8
605,1861-32-1
606,84-66-2
607,55600-34-5
608,4412-91-3
609,32534-95-5
610,144-55-8
611,107-49-3
612,7785-87-7
613,11104-28-2
614,300-76-5
615,54593-83-8
616,53112-28-0
617,12002-48-1
618,4501-00-2
619,99-08-1
620,2447-79-2
621,128606-48-4
622,90-03-9
623,12122-67-7
624,7772-99-8
625,37339-61-0
626,335-67-1
627,75-05-8
628,60-34-4
629,4684-94-0
630,281-23-2
631,1461-22-9
632,78-96-6
633,108-31-6
634,26635-92-7
635,100-42-5
636,7758-95-4
637,74665-84-2
638,79-09-4
639,2275-23-2
640,150-50-5
641,513-77-9
642,90-43-7
643,1646-88-4
644,37301-44-3
645,56073-10-0
646,55818-86-5
647,68-12-2
648,38638-05-0
649,66555-33-7
650,2675-77-6
651,12040-57-2
652,7783-00-8
653,108-43-0
654,953-17-3
655,7245-02-5
656,138-86-3
657,100-25-4
658,7778-43-0
659,91465-08-6
660,10222-01-2
661,7772-98-7
662,106-68-3
663,298-04-4
664,144940-97-6
665,25168-15-4
666,8002-05-9
667,640-15-3
668,2243-27-8
669,26628-22-8
670,92-87-5
671,107-02-8
672,142-96-1
673,118-61-6
674,7647-01-0
675,34014-18-1
676,114311-32-9
677,15307-79-6
678,7758-29-4
679,2439-01-2
680,79617-96-2
681,29232-93-7
682,11118-72-2
683,123-54-6
684,101-84-8
685,1333-82-0
686,142-59-6
687,2545-60-0
688,74-83-9
689,79-00-5
690,9036-19-5
691,886-86-2
692,1327-79-3
693,76703-62-3
694,107-22-2
695,131-17-9
696,149-30-4
697,79-07-2
698,11096-99-4
699,17606-31-4
700,25154-52-3
701,172520-87-5
702,10605-21-7
703,7287-19-6
704,68131-39-5
705,129-67-9
706,34256-82-1
707,8004-92-0
708,1861-40-1
709,37296-92-7
710,7446-07-3
711,53469-21-9
712,26087-47-8
713,63449-41-2
714,133-07-3
715,7681-55-2
716,115-90-2
717,29091-05-2
718,99-35-4
719,119168-77-3
720,7440-02-0
721,95-93-2
722,108-39-4
723,72-54-8
724,7173-51-5
725,21087-64-9
726,51158-19-1
727,1309-64-4
728,870-72-4
729,127-00-4
730,631-64-1
731,11120-29-9
732,85-68-7
733,3687-13-6
734,1330-38-7
735,470-90-6
736,51-03-6
737,55283-68-6
738,112-34-5
739,82633-79-2
740,13138-45-9
741,104206-82-8
742,52-51-7
743,68188-45-4
744,2439-99-8
745,81777-89-1
746,91-94-1
747,78-59-1
748,65589-70-0
749,8050-84-8
750,622-40-2
751,138261-41-3
752,210880-92-5
753,99-30-9
754,103-33-3
755,555-37-3
756,13194-48-4
757,67-64-1
758,66419-38-3
759,7646-78-8
760,1314-64-3
761,104-75-6
762,83-32-9
763,500-28-7
764,1596-84-5
765,14064-10-9
766,67614-32-8
767,37223-73-7
768,299-86-5
769,7779-88-6
770,54381-16-7
771,841-06-5
772,10102-44-0
773,1306-19-0
774,89-59-8
775,1610-18-0
776,123-33-1
777,23103-98-2
778,135-19-3
779,7542-09-8
780,10028-15-6
781,22431-62-5
782,74-87-3
783,1314-13-2
784,110-58-7
785,7720-78-7
786,57036-29-0
787,1134-23-2
788,111-70-6
789,14338-32-0
790,154592-20-8
791,7439-92-1
792,85-34-7
793,57-13-6
794,4180-23-8
795,1222-05-5
796,31218-83-4
797,933-75-5
798,628-63-7
799,56996-89-5
800,393-39-5
801,6408-78-2
802,68131-40-8
803,66594-32-9
804,5598-13-0
805,4437-85-8
806,98-54-4
807,68411-30-3
808,72674-05-6
809,70288-86-7
810,123312-89-0
811,86209-51-0
812,107534-96-3
813,446-72-0
814,124-87-8
815,20762-60-1
816,8001-50-1
817,927-74-2
818,124-40-3
819,78587-05-0
820,88-06-2
821,3844-45-9
822,330-55-2
823,99-86-5
824,243973-20-8
825,50512-35-1
826,2439-00-1
827,287967-98-0
828,1325-37-7
829,28434-00-6
830,26530-20-1
831,70630-17-0
832,2008-46-0
833,39515-40-7
834,121-54-0
835,8007-46-3
836,627-30-5
837,14959-86-5
838,10039-54-0
839,12674-11-2
840,1639-66-3
841,5103-74-2
842,5407-04-5
843,385-00-2
844,150114-71-9
845,79902-63-9
846,873-63-2
847,9004-81-3
848,239110-15-7
849,365400-11-9
850,3400-09-7
851,7005-72-3
852,105-53-3
853,280-57-9
854,129-00-0
855,623-91-6
856,10265-92-6
857,123-91-1
858,38260-54-7
859,110-12-3
860,79-06-1
861,172306-85-3
862,43121-43-3
863,2893-78-9
864,78-93-3
865,60-00-4
866,1114-71-2
867,21265-50-9
868,25013-16-5
869,114-26-1
870,7758-94-3
871,83-89-6
872,124-22-1
873,2939-80-2
874,127-52-6
875,100-41-4
876,143-08-8
877,148-24-3
878,80-12-6
879,1332-40-7
880,119-32-4
881,12002-53-8
882,117-80-6
883,108-38-3
884,3194-55-6
885,116-06-3
886,220899-03-6
887,8065-62-1
888,28288-05-3
889,100-51-6
890,120-36-5
891,105-37-3
892,10025-91-9
893,81-77-6
894,13356-08-6
895,11141-17-6
896,111-69-3
897,10025-73-7
898,141-03-7
899,3478-94-2
900,120-12-7
901,877-43-0
902,60-56-0
903,57055-39-7
904,85-01-8
905,4170-30-3
906,5922-60-1
907,639-58-7
908,25168-26-7
909,52-46-0
910,76-06-2
911,122-60-1
912,112281-77-3
913,14816-18-3
914,69327-76-0
915,10588-01-9
916,956-90-1
917,107-19-7
918,61-73-4
919,67-56-1
920,79-92-5
921,108-18-9
922,56996-94-2
923,56646-05-0
924,4080-31-3
925,552-89-6
926,350-46-9
927,2212-59-1
928,57-63-6
929,874967-67-6
930,100986-85-4
931,150-76-5
932,2602-46-2
933,100-44-7
934,7758-89-6
935,2255-17-6
936,99129-21-2
937,1399-80-0
938,7783-35-9
939,2008-58-4
940,54-21-7
941,78-79-5
942,57837-19-1
943,71-41-0
944,149-31-5
945,15545-48-9
946,8022-00-2
947,3772-55-2
948,3942-54-9
949,74051-80-2
950,102851-06-9
951,106-44-5
952,1192-52-5
953,759-94-4
954,529-19-1
955,95-75-0
956,108-46-3
957,99-11-6
958,57-06-7
959,2163-79-3
960,2227-13-6
961,7696-12-0
962,66-25-1
963,7553-56-2
964,68359-37-5
965,39300-45-3
966,1310-53-8
967,20354-26-1
968,7446-14-2
969,107-21-1
970,74-59-9
971,91-22-5
972,8007-45-2
973,115-20-8
974,55427-94-6
975,1319-77-3
976,95-57-8
977,2487-90-3
978,107-27-7
979,17372-87-1
980,471-74-9
981,115-31-1
982,493-52-7
983,74222-97-2
984,1066-33-7
985,634-67-3
986,108-20-3
987,68814-95-9
988,10141-00-1
989,554-13-2
990,2764-72-9
991,109-99-9
992,109-07-9
993,33245-39-5
994,95144-24-4
995,41814-78-2
996,127-79-7
997,886-50-0
998,39450-05-0
999,8003-42-7
1000,7681-49-4
1001,74-90-8
1002,2795-39-3
1003,12427-38-2
1004,75-98-9
1005,1570-64-5
1006,7664-93-9
1007,962-58-3
1008,1484-13-5
1009,10124-37-5
1010,26761-40-0
1011,2051-60-7
1012,23184-66-9
1013,65071-95-6
1014,935-95-5
1015,959-98-8
1016,111812-58-9
1017,1962-75-0
1018,10112-91-1
1019,8005-72-9
1020,40596-69-8
1021,13718-26-8
1022,7773-01-5
1023,68608-15-1
1024,7429-90-5
1025,6923-22-4
1026,2425-10-7
1027,29118-87-4
1028,71-55-6
1029,25655-41-8
1030,92-52-4
1031,127289-72-9
1032,108-68-9
1033,56348-39-1
1034,17109-49-8
1035,24151-93-7
1036,176022-82-5
1037,634-90-2
1038,96-18-4
1039,107-07-3
1040,2461-15-6
1041,15498-87-0
1042,1825-21-4
1043,177256-69-8
1044,786-19-6
1045,479-45-8
1046,3244-90-4
1047,5610-64-0
1048,2259-85-0
1049,66841-25-6
1050,1983-10-4
1051,1773-89-3
1052,1184-57-2
1053,25306-75-6
1054,96-09-3
1055,123-88-6
1056,1204-21-3
1057,543-21-5
1058,83657-22-1
1059,482-89-3
1060,3689-24-5
1061,140-90-9
1062,107-47-1
1063,114369-43-6
1064,5437-45-6
1065,13472-45-2
1066,118-79-6
1067,116-29-0
1068,107-15-3
1069,150-78-7
1070,1126-46-1
1071,5377-20-8
1072,7778-18-9
1073,147-24-0
1074,15281-91-1
1075,87674-68-8
1076,68585-47-7
1077,71751-41-2
1078,7722-84-1
1079,92-04-6
1080,1836-75-5
1081,39429-71-5
1082,609-23-4
1083,500008-45-7
1084,122548-33-8
1085,576-24-9
1086,29761-21-5
1087,2235-25-8
1088,22296-58-8
1089,69806-50-4
1090,137-30-4
1091,2312-76-7
1092,34364-42-6
1093,139-40-2
1094,11100-14-4
1095,1689-84-5
1096,76578-14-8
1097,2039-46-5
1098,55814-41-0
1099,132-27-4
1100,29091-21-2
1101,12002-03-8
1102,2150-47-2
1103,608-93-5
1104,86479-06-3
1105,1326-82-5
1106,173159-57-4
1107,15263-52-2
1108,13548-38-4
1109,655-76-5
1110,615-67-8
1111,10196-04-0
1112,12774-30-0
1113,22936-86-3
1114,96300-95-7
1115,75-96-7
1116,4680-78-8
1117,589-16-2
1118,8015-35-8
1119,33820-53-0
1120,95-53-4
1121,33813-20-6
1122,523-44-4
1123,3765-57-9
1124,80-33-1
1125,590-28-3
1126,533-74-4
1127,1929-88-0
1128,172520-99-9
1129,33213-65-9
1130,64-19-7
1131,108-10-1
1132,108066-01-9
1133,13684-63-4
1134,7778-80-5
1135,31557-34-3
1136,64359-81-5
1137,95-47-6
1138,21548-73-2
1139,65431-33-6
1140,112-12-9
1141,2303-17-5
1142,95-48-7
1143,7440-41-7
1144,1746-01-6
1145,13772-16-2
1146,85-70-1
1147,301-12-2
1148,23060-14-2
1149,8004-87-3
1150,13943-58-3
1151,140-56-7
1152,1317-36-8
1153,563-68-8
1154,14437-17-3
1155,66215-27-8
1156,95465-99-9
1157,22212-55-1
1158,13171-00-1
1159,75-15-0
1160,107-05-1
1161,13121-70-5
1162,64742-47-8
1163,8046-53-5
1164,111-40-0
1165,95-13-6
1166,3179-90-6
1167,58798-67-7
1168,2702-72-9
1169,54-11-5
1170,91-65-6
1171,583-78-8
1172,74871-33-3
1173,110-00-9
1174,67167-02-6
1175,37853-59-1
1176,15922-78-8
1177,33878-50-1
1178,3351-05-1
1179,2437-79-8
1180,86-40-8
1181,7779-27-3
1182,17599-81-4
1183,13464-37-4
1184,69377-81-7
1185,54847-85-7
1186,543-90-8
1187,464-49-3
1188,53826-12-3
1189,1096-84-0
1190,135158-54-2
1191,203313-25-1
1192,2528-38-3
1193,94-96-2
1194,26225-79-6
1195,77182-82-2
1196,89-98-5
1197,645-56-7
1198,944-22-9
1199,29245-51-0
1200,52508-35-7
1201,10141-05-6
1202,19666-30-9
1203,630-20-6
1204,658066-35-4
1205,213464-77-8
1206,7440-48-4
1207,121-87-9
1208,1836-77-7
1209,128-58-5
1210,20856-57-9
1211,13306-69-9
1212,104653-34-1
1213,66441-23-4
1214,24980-59-4
1215,7447-41-8
1216,133-90-4
1217,110-40-7
1218,7440-33-7
1219,2455-24-5
1220,244094-39-1
1221,4824-78-6
1222,85264-33-1
1223,577-11-7
1224,106-49-0
1225,311-45-5
1226,19826-60-9
1227,581-64-6
1228,62924-70-3
1229,99-52-5
1230,3060-89-7
1231,153719-23-4
1232,122836-35-5
1233,123343-16-8
1234,23505-21-7
1235,51092-74-1
1236,7786-30-3
1237,624-92-0
1238,1461-15-0
1239,25267-15-6
1240,70896-08-1
1241,557-34-6
1242,957-51-7
1243,82-71-3
1244,21725-46-2
1245,1338-24-5
1246,1303-96-4
1247,999-81-5
1248,120-32-1
1249,93106-60-6
1250,518-47-8
1251,1634-78-2
1252,1401-55-4
1253,4478-93-7
1254,75022-22-9
1255,68694-11-1
1256,319-85-7
1257,77-58-7
1258,109-06-8
1259,3572-06-3
1260,10049-04-4
1261,99-55-8
1262,108-62-3
1263,150-19-6
1264,51158-18-0
1265,821-55-6
1266,17439-94-0
1267,10361-37-2
1268,4460-86-0
1269,56896-68-5
1270,36362-09-1
1271,115326-86-8
1272,67485-29-4
1273,10350-81-9
1274,50-65-7
1275,6317-18-6
1276,62-76-0
1277,13366-73-9
1278,5813-64-9
1279,122-11-2
1280,3815-21-2
1281,14255-88-0
1282,629-25-4
1283,29804-22-6
1284,112-27-6
1285,529-20-4
1286,7681-82-5
1287,78-32-0
1288,52722-38-0
1289,95-88-5
1290,79-34-5
1291,7775-19-1
1292,35554-44-0
1293,2051-62-9
1294,31431-39-7
1295,98-86-2
1296,2631-40-5
1297,1085-98-9
1298,123-86-4
1299,99-61-6
1300,122-66-7
1301,109-46-6
1302,87-61-6
1303,1471-17-6
1304,592-85-8
1305,16485-47-5
1306,106-69-4
1307,7778-73-6
1308,8030-78-2
1309,104040-78-0
1310,14788-97-7
1311,2782-70-9
1312,8003-19-8
1313,104-88-1
1314,78-97-7
1315,66-76-2
1316,75-64-9
1317,68085-85-8
1318,7439-98-7
1319,124495-18-7
1320,86-57-7
1321,98-73-7
1322,57754-85-5
1323,173584-44-6
1324,333-18-6
1325,96-33-3
1326,6361-21-3
1327,14124-68-6
1328,25322-68-3
1329,28382-15-2
1330,7076-53-1
1331,51158-21-5
1332,80-46-6
1333,6753-47-5
1334,175013-18-0
1335,3066-71-5
1336,106-40-1
1337,51-52-5
1338,35832-11-2
1339,105-75-9
1340,5124-25-4
1341,7783-90-6
1342,131-92-0
1343,37680-73-2
1344,31512-74-0
1345,2866-43-5
1346,51596-11-3
1347,111-13-7
1348,27355-22-2
1349,64-17-5
1350,2437-25-4
1351,11100-04-2
1352,62-75-9
1353,24544-04-5
1354,2051-61-8
1355,124-11-8
1356,1317-38-0
1357,7447-40-7
1358,9005-66-7
1359,107-41-5
1360,23422-53-9
1361,50-30-6
1362,6484-52-2
1363,127289-71-8
1364,108-91-8
1365,1067-14-7
1366,96-22-0
1367,10293-06-8
1368,600-36-2
1369,2539-17-5
1370,53042-79-8
1371,105-54-4
1372,113032-51-2
1373,12715-61-6
1374,123-66-0
1375,172520-93-3
1376,101-21-3
1377,144-21-8
1378,143390-89-0
1379,1344-81-6
1380,120-94-5
1381,7631-89-2
1382,2832-40-8
1383,96352-69-1
1384,3567-25-7
1385,23504-07-6
1386,51580-86-0
1387,65-85-0
1388,619-15-8
1389,140-57-8
1390,314-40-9
1391,11113-60-3
1392,14380-61-1
1393,137-42-8
1394,127-91-3
1395,532-32-1
1396,109-89-7
1397,109-86-4
1398,108-69-0
1399,3184-65-4
1400,628-92-2
1401,3064-70-8
1402,119-06-2
1403,81591-81-3
1404,109-73-9
1405,2436-93-3
1406,7757-83-7
1407,6164-98-3
1408,53763-47-6
1409,131-11-3
1410,79-19-6
1411,126833-17-8
1412,63935-38-6
1413,94-11-1
1414,99-09-2
1415,51384-51-1
1416,106-42-3
1417,5331-91-9
1418,1761-61-1
1419,3271-76-9
1420,160759-29-5
1421,101-55-3
1422,132-64-9
1423,110-65-6
1424,75602-99-2
1425,68439-50-9
1426,14025-21-9
1427,140-38-5
1428,114247-06-2
1429,135410-20-7
1430,95-14-7
1431,128-44-9
1432,357-57-3
1433,471-77-2
1434,13150-00-0
1435,24017-47-8
1436,51218-49-6
1437,56863-92-4
1438,219714-96-2
1439,6062-26-6
1440,34643-46-4
1441,79-94-7
1442,99-99-0
1443,86-87-3
1444,96-24-2
1445,6623-41-2
1446,14220-17-8
1447,7558-80-7
1448,13311-84-7
1449,118134-30-8
1450,97-02-9
1451,9005-64-5
1452,1763-23-1
1453,5141-20-8
1454,58561-66-3
1455,33089-61-1
1456,111988-49-9
1457,67-68-5
1458,330-93-8
1459,2533-82-6
1460,50723-80-3
1461,7646-79-9
1462,100-47-0
1463,5835-26-7
1464,123-72-8
1465,623-25-6
1466,76-03-9
1467,57057-83-7
1468,3380-34-5
1469,39456-51-4
1470,25637-99-4
1471,90-02-8
1472,137-88-2
1473,8070-47-1
1474,53572-61-5
1475,35572-78-2
1476,7785-70-8
1477,42200-33-9
1478,82657-04-3
1479,4403-90-1
1480,13071-11-9
1481,149979-41-9
1482,14244-62-3
1483,28300-74-5
1484,1762-95-4
1485,7631-95-0
1486,7166-19-0
1487,100-56-1
1488,83-41-0
1489,87-17-2
1490,2491-38-5
1491,3428-24-8
1492,25311-71-1
1493,1031-07-8
1494,57017-81-9
1495,2626-83-7
1496,127-09-3
1497,51707-55-2
1498,106-24-1
1499,93-78-7
1500,2556-42-5
1501,57-15-8
1502,97-17-6
1503,86-30-6
1504,374726-62-2
1505,66267-77-4
1506,10099-58-8
1507,13863-41-7
1508,602-01-7
1509,14321-27-8
1510,100-97-0
1511,119-34-6
1512,119-12-0
1513,8002-65-1
1514,52756-25-9
1515,129-09-9
1516,1770-80-5
1517,75-97-8
1518,123-30-8
1519,64-02-8
1520,497-19-8
1521,56996-99-7
1522,16245-79-7
1523,86-73-7
1524,57-92-1
1525,596-85-0
1526,122467-32-7
1527,140-88-5
1528,84087-01-4
1529,93-65-2
1530,131341-86-1
1531,123-07-9
1532,1310-58-3
1533,101-42-8
1534,287962-26-9
1535,88-99-3
1536,831-82-3
1537,69806-34-4
1538,34723-82-5
1539,96489-71-3
1540,82097-50-5
1541,7783-28-0
1542,198697-58-4
1543,79622-59-6
1544,2234-13-1
1545,13473-90-0
1546,723-46-6
1547,95-55-6
1548,108-85-0
1549,306-67-2
1550,1014-70-6
1551,6988-21-2
1552,108-99-6
1553,804-63-7
1554,533-23-3
1555,91-57-6
1556,110-56-5
1557,3441-14-3
1558,463-56-9
1559,11126-43-5
1560,7440-61-1
1561,66455-14-9
1562,2437-29-8
1563,287967-90-2
1564,111-77-3
1565,13444-72-9
1566,56996-88-4
1567,91-23-6
1568,148477-71-8
1569,1317-37-9
1570,7705-08-0
1571,3240-78-6
1572,141776-32-1
1573,4104-14-7
1574,2475-46-9
1575,3653-48-3
1576,1314-87-0
1577,109-79-5
1578,140-93-2
1579,90982-32-4
1580,8065-75-6
1581,117337-19-6
1582,106-93-4
1583,632-99-5
1584,89-61-2
1585,83055-99-6
1586,63148-53-8
1587,10042-91-8
1588,1314-98-3
1589,57966-95-7
1590,55-37-8
1591,23135-22-0
1592,35723-83-2
1593,61791-24-0
1594,2569-01-9
1595,27986-36-3
1596,58-36-6
1597,64036-43-7
1598,5989-27-5
1599,121-57-3
1600,8063-52-3
1601,583-57-3
1602,22473-78-5
1603,8003-69-8
1604,67-43-6
1605,14402-75-6
1606,1338-02-9
1607,39145-47-6
1608,4916-57-8
1609,12642-23-8
1610,1929-77-7
1611,67-63-0
1612,58-08-2
1613,2610-05-1
1614,319-86-8
1615,1303-33-9
1616,112-30-1
1617,2894-51-1
1618,94361-06-5
1619,80209-54-7
1620,70903-51-4
1621,603-83-8
1622,693-21-0
1623,99-93-4
1624,63798-36-7
1625,77458-01-6
1626,223671-69-0
1627,88671-89-0
1628,81741-28-8
1629,61949-76-6
1630,127-27-5
1631,89072-60-6
1632,85-69-8
1633,2312-73-4
1634,3214-47-9
1635,97-00-7
1636,7722-88-5
1637,2818-16-8
1638,141-66-2
1639,636-30-6
1640,93-89-0
1641,1600-27-7
1642,10380-28-6
1643,11141-16-5
1644,25057-89-0
1645,1982-49-6
1646,3347-22-6
1647,584-08-7
1648,155569-91-8
1649,108-93-0
1650,98-55-5
1651,181314-95-4
1652,59-87-0
1653,110-54-3
1654,107-92-6
1655,606-20-2
1656,26787-78-0
1657,50471-44-8
1658,3309-68-0
1659,205-39-0
1660,81-19-6
1661,464-48-2
1662,75-57-0
1663,2016-57-1
1664,1024-57-3
1665,1837-57-6
1666,90-13-1
1667,21689-84-9
1668,25167-83-3
1669,544-25-2
1670,622-45-7
1671,555-89-5
1672,2275-14-1
1673,61789-28-4
1674,210631-68-8
1675,55-18-5
1676,73989-17-0
1677,109-85-3
1678,24307-26-4
1679,120-93-4
1680,534-52-1
1681,454-89-7
1682,3260-87-5
1683,240494-70-6
1684,573-58-0
1685,66523-56-6
1686,2706-90-3
1687,112410-23-8
1688,126-11-4
1689,2870-32-8
1690,626-43-7
1691,70362-50-4
1692,163269-30-5
1693,2244-21-5
1694,5103-71-9
1695,117-18-0
1696,379-52-2
1697,6834-92-0
1698,973-21-7
1699,13701-59-2
1700,55179-31-2
1701,5292-45-5
1702,42509-83-1
1703,619-50-1
1704,119-61-9
1705,72-57-1
1706,287958-94-5
1707,955-83-9
1708,134098-61-6
1709,2317-24-0
1710,15457-05-3
1711,77-78-1
1712,100-01-6
1713,85409-17-2
1714,56296-78-7
1715,13597-99-4
1716,28680-45-7
1717,6575-09-3
1718,188489-07-8
1719,68439-49-6
1720,13231-90-8
1721,14088-71-2
1722,32598-13-3
1723,80-00-2
1724,144550-36-7
1725,329-71-5
1726,28407-37-6
1727,75-86-5
1728,1320-07-6
1729,69723-94-0
1730,920-66-1
1731,112-80-1
1732,172521-44-7
1733,584-84-9
1734,51312-24-4
1735,76-01-7
1736,68783-78-8
1737,24934-91-6
1738,3096-70-6
1739,1689-82-3
1740,96-45-7
1741,80-52-4
1742,172521-59-4
1743,104-55-2
1744,1757-18-2
1745,56-36-0
1746,3337-71-1
1747,590-66-9
1748,142459-58-3
1749,87-90-1
1750,1698-60-8
1751,2593-15-9
1752,25319-80-6
1753,77-74-7
1754,110-62-3
1755,317815-83-1
1756,18268-76-3
1757,4920-77-8
1758,9005-67-8
1759,610-39-9
1760,39362-29-3
1761,2655-14-3
1762,69409-94-5
1763,57017-80-8
1764,693-54-9
1765,145-73-3
1766,25322-20-7
1767,7775-27-1
1768,16423-68-0
1769,98967-40-9
1770,477-73-6
1771,1461-25-2
1772,2492-26-4
1773,76824-35-6
1774,127-19-5
1775,2787-91-9
1776,693-65-2
1777,61912-87-6
1778,141-05-9
1779,59669-26-0
1780,2595-54-2
1781,107-11-9
1782,95-94-3
1783,187166-40-1
1784,78-27-3
1785,82558-50-7
1786,446-52-6
1787,28343-61-5
1788,510-15-6
1789,60018-95-3
1790,111-46-6
1791,103-11-7
1792,5902-51-2
1793,63513-77-9
1794,138757-75-2
1795,78-92-2
1796,15311-99-6
1797,50-32-8
1798,109-65-9
1799,4189-47-3
1800,5871-17-0
1801,95-52-3
1802,22726-00-7
1803,63-05-8
1804,131860-33-8
1805,53763-77-2
1806,7446-20-0
1807,99-03-6
1808,129909-90-6
1809,598-16-3
1810,541-09-3
1811,4726-14-1
1812,18259-05-7
1813,107-12-0
1814,10124-43-3
1815,528-29-0
1816,66829-05-8
1817,111-78-4
1818,59-97-2
1819,87-65-0
1820,110488-70-5
1821,125116-23-6
1822,768-94-5
1823,8067-98-9
1824,121-69-7
1825,76703-65-6
1826,28159-98-0
1827,172520-90-0
1828,55512-33-9
1829,81412-43-3
1830,141-79-7
1831,7727-21-1
1832,14025-15-1
1833,64-00-6
1834,53763-29-4
1835,65-30-5
1836,6369-97-7
1837,297-78-9
1838,68157-60-8
1839,1404-04-2
1840,131807-57-3
1841,11071-15-1
1842,5600-21-5
1843,95-92-1
1844,5567-15-7
1845,141-97-9
1846,14762-38-0
1847,111-44-4
1848,335104-84-2
1849,555-16-8
1850,83-34-1
1851,75-07-0
1852,136-45-8
1853,72026-99-4
1854,107-18-6
1855,95737-68-1
1856,16079-88-2
1857,2636-26-2
1858,591-21-9
1859,95686-19-4
1860,700-58-3
1861,9012-76-4
1862,1568-83-8
1863,5015-75-8
1864,27304-13-8
1865,15096-52-3
1866,25366-23-8
1867,138789-81-8
1868,122931-48-0
1869,84-69-5
1870,97886-45-8
1871,8012-95-1
1872,58657-34-4
1873,6393-42-6
1874,56634-95-8
1875,79-43-6
1876,96-91-3
1877,30525-89-4
1878,633-96-5
1879,33972-75-7
1880,16903-35-8
1881,111-68-2
1882,15307-86-5
1883,16879-02-0
1884,5598-52-7
1885,4299-07-4
1886,111-91-1
1887,112-42-5
1888,13674-87-8
1889,29878-31-7
1890,951-42-8
1891,13721-39-6
1892,540-59-0
1893,287967-96-8
1894,82560-54-1
1895,829-26-5
1896,95-70-5
1897,4208-80-4
1898,57055-38-6
1899,650-51-1
1900,13516-27-3
1901,945-51-7
1902,42454-06-8
1903,27519-02-4
1904,143-16-8
1905,644-64-4
1906,1345-25-1
1907,10463-14-6
1908,4253-89-8
1909,6441-77-6
1910,3251-29-4
1911,53404-62-9
1912,122-10-1
1913,140-79-4
1914,5138-93-2
1915,151-56-4
1916,371-40-4
1917,119-38-0
1918,127-08-2
1919,7440-39-3
1920,1570-65-6
1921,131983-72-7
1922,14644-61-2
1923,4342-36-3
1924,2961-62-8
1925,95751-97-6
1926,105-55-5
1927,33629-47-9
1928,128-04-1
1929,15773-35-0
1930,103361-09-7
1931,58561-88-9
1932,623-37-0
1933,574-64-1
1934,66063-05-6
1935,598-63-0
1936,1317-39-1
1937,7727-54-0
1938,66594-34-1
1939,297-97-2
1940,35597-43-4
1941,109-60-4
1942,50-73-7
1943,102-69-2
1944,79-20-9
1945,5465-65-6
1946,51892-26-3
1947,71561-11-0
1948,80324-43-2
1949,56863-88-8
1950,122453-73-0
1951,368-77-4
1952,26155-31-7
1953,60168-88-9
1954,35691-65-7
1955,497-37-0
1956,5673-07-4
1957,133855-98-8
1958,583-60-8
1959,7745-89-3
1960,137-40-6
1961,201305-50-2
1962,1333-73-9
1963,1912-26-1
1964,2446-69-7
1965,140-31-8
1966,18181-70-9
1967,71379-75-4
1968,928-96-1
1969,98-88-4
1970,14938-35-3
1971,11126-42-4
1972,57-24-9
1973,10431-47-7
1974,75-39-8
1975,767-00-0
1976,68514-95-4
1977,22248-79-9
1978,42399-41-7
1979,2362-61-0
1980,100-10-7
1981,132-66-1
1982,13457-18-6
1983,11067-82-6
1984,133-11-9
1985,22898-01-7
1986,12222-60-5
1987,27854-31-5
1988,77466-83-2
1989,2610-11-9
1990,319925-56-9
1991,122454-29-9
1992,79-95-8
1993,3481-20-7
1994,7758-02-3
1995,330-95-0
1996,3051-11-4
1997,60-41-3
1998,1014-69-3
1999,7601-89-0
2000,654-66-0
2001,632-22-4
2002,613-45-6
2003,172521-26-5
2004,124-04-9
2005,5746-17-8
2006,640-19-7
2007,57157-80-9
2008,97-74-5
2009,111-83-1
2010,68534-58-7
2011,56996-66-8
2012,299-85-4
2013,2814-20-2
2014,7788-98-9
2015,25646-77-9
2016,420-04-2
2017,3389-71-7
2018,8065-36-9
2019,5329-14-6
2020,20190-95-8
2021,611-06-3
2022,3558-69-8
2023,2028-63-9
2024,1327-41-9
2025,100-61-8
2026,60-35-5
2027,67-36-7
2028,67167-01-5
2029,79538-32-2
2030,1653-40-3
2031,10281-53-5
2032,51-79-6
2033,2224-44-4
2034,513-78-0
2035,999-61-1
2036,67526-93-6
2037,110-73-6
2038,926030-25-3
2039,112143-82-5
2040,88-04-0
2041,74223-64-6
2042,625-86-5
2043,70-30-4
2044,95-49-8
2045,20056-92-2
2046,33693-04-8
2047,16071-86-6
2048,1689-99-2
2049,109-01-3
2050,77-99-6
2051,563-47-3
2052,10476-85-4
2053,7379-35-3
2054,127-68-4
2055,81510-83-0
2056,26644-46-2
2057,68392-35-8
2058,2861-02-1
2059,34375-28-5
2060,30043-49-3
2061,142-82-5
2062,643-79-8
2063,74-88-4
2064,3281-96-7
2065,1313-27-5
2066,111-92-2
2067,3209-22-1
2068,15467-20-6
2069,629-40-3
2070,181314-88-5
2071,314-13-6
2072,109-64-8
2073,21564-17-0
2074,85-41-6
2075,139-13-9
2076,75-74-1
2077,2460-49-3
2078,74115-24-5
2079,8001-58-9
2080,4602-84-0
2081,98886-44-3
2082,634-66-2
2083,2905-69-3
2084,64043-24-9
2085,2370-63-0
2086,69-53-4
2087,52663-71-5
2088,95-82-9
2089,74565-67-6
2090,1928-45-6
2091,37841-25-1
2092,128639-02-1
2093,2634-33-5
2094,56996-91-9
2095,64618-64-0
2096,62046-37-1
2097,15950-66-0
2098,110-06-5
2099,163515-14-8
2100,628-76-2
2101,103-23-1
2102,1064-48-8
2103,591-35-5
2104,845-52-3
2105,100-00-5
2106,64618-67-3
2107,4329-03-7
2108,99-87-6
2109,64-18-6
2110,27314-13-2
2111,8061-51-6
2112,1820-81-1
2113,6106-41-8
2114,106-50-3
2115,126-81-8
2116,573-56-8
2117,3811-49-2
2118,75-36-5
2119,78-40-0
2120,1197379-18-2
2121,1302-42-7
2122,614-80-2
2123,51775-36-1
2124,195209-93-9
2125,88-73-3
2126,7783-36-0
2127,1066-30-4
2128,72027-02-2
2129,16484-77-8
2130,138757-71-8
2131,97-23-4
2132,586-62-9
2133,124-48-1
2134,7673-09-8
2135,56-37-1
2136,1634-04-4
2137,8004-05-5
2138,37337-13-6
2139,2443-39-2
2140,606-34-8
2141,72027-01-1
2142,104-90-5
2143,496-11-7
2144,97-77-8
2145,50-06-6
2146,2227-17-0
2147,58842-20-9
2148,443-48-1
2149,23950-58-5
2150,13453-32-2
2151,109-52-4
2152,76674-21-0
2153,110-75-8
2154,103-69-5
2155,62441-54-7
2156,3204-27-1
2157,1315501-18-8
2158,35693-99-3
2159,56840-61-0
2160,32534-81-9
2161,103-65-1
2162,12135-76-1
2163,134-32-7
2164,55219-65-3
2165,1871-57-4
2166,19381-50-1
2167,6283-86-9
2168,142-62-1
2169,6120-10-1
2170,1918-18-9
2171,79277-27-3
2172,28553-12-0
2173,98-82-8
2174,76560-69-5
2175,592-46-1
2176,94-41-7
2177,2385-85-5
2178,8066-08-8
2179,134605-64-4
2180,138-22-7
2181,122008-85-9
2182,107-10-8
2183,111-31-9
2184,8003-46-1
2185,122-99-6
2186,19549-98-5
2187,82-66-6
2188,589-90-2
2189,3923-52-2
2190,95-15-8
2191,14089-43-1
2192,119-65-3
2193,98-00-0
2194,732-26-3
2195,372137-35-4
2196,637-07-0
2197,65-45-2
2198,15263-53-3
2199,161326-34-7
2200,31366-95-7
2201,96-80-0
2202,13067-93-1
2203,55792-61-5
2204,81335-37-7
2205,95266-40-3
2206,554-84-7
2207,306-52-5
2208,24579-73-5
2209,74871-40-2
2210,76738-62-0
2211,5267-27-6
2212,55-55-0
2213,75-47-8
2214,6359-98-4
2215,35694-08-7
2216,28001-58-3
2217,123-05-7
2218,70124-77-5
2219,6602-32-0
2220,141-82-2
2221,68439-46-3
2222,37324-23-5
2223,16060-78-9
2224,121-32-4
2225,1615-70-9
2226,53572-62-6
2227,1787-61-7
2228,134-62-3
2229,18472-87-2
2230,120116-88-3
2231,1198-55-6
2232,764-01-2
2233,115136-53-3
2234,882-33-7
2235,27983-69-3
2236,145607-53-0
2237,58-27-5
2238,151-41-7
2239,52292-17-8
2240,53763-67-0
2241,607-00-1
2242,591-89-9
2243,14324-55-1
2244,548-62-9
2245,111-25-1
2246,65281-76-7
2247,36551-21-0
2248,741-58-2
2249,78-87-5
2250,504-63-2
2251,59587-38-1
2252,1570-76-9
2253,161050-58-4
2254,1122-54-9
2255,77732-09-3
2256,63333-35-7
2257,50594-66-6
2258,63653-52-1
2259,9003-13-8
2260,56863-89-9
2261,172521-84-5
2262,272451-65-7
2263,15165-67-0
2264,72-55-9
2265,71212-10-7
2266,5221-53-4
2267,19750-95-9
2268,15673-00-4
2269,598-74-3
2270,52303-69-2
2271,115902-64-2
2272,106-51-4
2273,57-41-0
2274,19044-88-3
2275,7420-89-5
2276,161026-34-2
2277,79-46-9
2278,71531-34-5
2279,59417-72-0
2280,556-61-6
2281,72490-01-8
2282,4199-10-4
2283,109-87-5
2284,110-97-4
2285,634-83-3
2286,120-92-3
2287,587-98-4
2288,1306-23-6
2289,1332-65-6
2290,12616-36-3
2291,124-02-7
2292,28631-35-8
2293,780-69-8
2294,552-41-0
2295,7383-19-9
2296,10043-67-1
2297,29235-71-0
2298,7789-43-7
2299,100646-51-3
2300,588-59-0
2301,4655-34-9
2302,16118-49-3
2303,1112-38-5
2304,72-56-0
2305,498-66-8
2306,179101-81-6
2307,122-39-4
2308,37680-65-2
2309,132-67-2
2310,23149-52-2
2311,110-50-9
2312,208465-21-8
2313,123-92-2
2314,15708-41-5
2315,4301-50-2
2316,7632-05-5
2317,99-97-8
2318,50-21-5
2319,10202-92-3
2320,80-56-8
2321,828-00-2
2322,121-46-0
2323,52769-67-2
2324,7747-35-5
2325,118-95-6
2326,18172-67-3
2327,100-46-9
2328,605-69-6
2329,59708-54-2
2330,113-48-4
2331,18540-29-9
2332,71-73-8
2333,34398-01-1
2334,502-56-7
2335,5217-47-0
2336,302578-96-7
2337,2282-34-0
2338,172520-88-6
2339,72-48-0
2340,178928-70-6
2341,115-19-5
2342,823-04-1
2343,134109-51-6
2344,283594-90-1
2345,102-71-6
2346,89-62-3
2347,57369-32-1
2348,56896-76-5
2349,145701-21-9
2350,65281-77-8
2351,50933-14-7
2352,71265-70-8
2353,109-57-9
2354,50540-61-9
2355,578-54-1
2356,138789-86-3
2357,17904-27-7
2358,33442-83-0
2359,83-42-1
2360,12136-45-7
2361,2720-73-2
2362,87820-88-0
2363,96-23-1
2364,422556-08-9
2365,121451-02-3
2366,13762-51-1
2367,9011-70-5
2368,152-11-4
2369,592-41-6
2370,13997-73-4
2371,172520-92-2
2372,101-27-9
2373,2527-66-4
2374,17754-90-4
2375,287958-91-2
2376,2176-62-7
2377,495-54-5
2378,308079-26-7
2379,1126-79-0
2380,541-85-5
2381,80-32-0
2382,685-91-6
2383,72231-04-0
2384,2642-71-9
2385,21351-39-3
2386,527-60-6
2387,10045-89-3
2388,3254-66-8
2389,2495-37-6
2390,527-20-8
2391,53763-38-5
2392,882-09-7
2393,2536-31-4
2394,7647-17-8
2395,13466-06-3
2396,58002-18-9
2397,4654-26-6
2398,36335-67-8
2399,872-50-4
2400,287967-92-4
2401,309-43-3
2402,706-14-9
2403,172521-37-8
2404,275-51-4
2405,626-93-7
2406,72027-04-4
2407,35948-25-5
2408,2234-16-4
2409,621-42-1
2410,109-76-2
2411,5896-54-8
2412,653-37-2
2413,100-66-3
2414,6948-86-3
2415,2207-01-4
2416,7440-28-0
2417,96-17-3
2418,53762-96-2
2419,1663-39-4
2420,138789-82-9
2421,10326-21-3
2422,55303-98-5
2423,75-85-4
2424,51811-79-1
2425,86386-73-4
2426,98-09-9
2427,3926-62-3
2428,1702-17-6
2429,43222-48-6
2430,81335-77-5
2431,383-63-1
2432,129558-76-5
2433,81-82-3
2434,4779-86-6
2435,72026-97-2
2436,131-79-3
2437,3090-36-6
2438,291-64-5
2439,70225-91-1
2440,131-91-9
2441,7726-95-6
2442,104098-48-8
2443,33360-84-8
2444,132-65-0
2445,56-57-5
2446,76-13-1
2447,143-18-0
2448,34503-11-2
2449,2034-22-2
2450,23526-02-5
2451,2869-34-3
2452,97-99-4
2453,7440-62-2
2454,112-05-0
2455,13597-44-9
2456,38380-07-3
2457,172521-52-7
2458,72-14-0
2459,53763-70-5
2460,8012-55-3
2461,86091-22-7
2462,53239-78-4
2463,9003-27-4
2464,1948-33-0
2465,1197379-16-0
2466,791-28-6
2467,1161016-82-5
2468,56863-90-2
2469,6921-29-5
2470,95-80-7
2471,126851-28-3
2472,99607-70-2
2473,25606-41-1
2474,141517-21-7
2475,51222-40-3
2476,29122-68-7
2477,2312-35-8
2478,5436-43-1
2479,6257-64-3
2480,174300-34-6
2481,165252-70-0
2482,110-43-0
2483,120-21-8
2484,2961-68-4
2485,756-80-9
2486,553-97-9
2487,544-40-1
2488,16919-19-0
2489,181274-17-9
2490,94125-34-5
2491,64618-71-9
2492,646-06-0
2493,818-61-1
2494,7292-16-2
2495,7212-44-4
2496,67614-33-9
2497,105726-67-8
2498,1520-78-1
2499,183675-82-3
2500,3486-35-9
2501,53-86-1
2502,64924-67-0
2503,149877-41-8
2504,77-71-4
2505,142-92-7
2506,7681-57-4
2507,4321-64-6
2508,818-72-4
2509,2303-16-4
2510,18368-63-3
2511,28434-01-7
2512,1324-11-4
2513,121-44-8
2514,3944-76-1
2515,139637-98-2
2516,83-59-0
2517,98-05-5
2518,7012-37-5
2519,58561-80-1
2520,25875-51-8
2521,2357-47-3
2522,865363-39-9
2523,37211-05-5
2524,58-14-0
2525,8075-74-9
2526,25322-69-4
2527,544-77-4
2528,110-94-1
2529,1965-09-9
2530,631-61-8
2531,6284-83-9
2532,1686-64-2
2533,24938-91-8
2534,8004-98-6
2535,10187-52-7
2536,172521-19-6
2537,37764-25-3
2538,39290-50-1
2539,138757-76-3
2540,82692-44-2
2541,318-98-9
2542,110-19-0
2543,13209-15-9
2544,96182-53-5
2545,5221-49-8
2546,25321-22-6
2547,70887-84-2
2548,769-28-8
2549,104-94-9
2550,10004-44-1
2551,88-75-5
2552,130-22-3
2553,12771-68-5
2554,950-35-6
2555,8070-92-6
2556,64365-06-6
2557,100784-20-1
2558,868-85-9
2559,439-14-5
2560,65337-13-5
2561,626-17-5
2562,75-56-9
2563,760-23-6
2564,9004-32-4
2565,127289-42-3
2566,2463-84-5
2567,3547-04-4
2568,6980-18-3
2569,13952-84-6
2570,38727-55-8
2571,127-06-0
2572,85977-73-7
2573,618-62-2
2574,64618-66-2
2575,103055-07-8
2576,96-41-3
2577,950782-86-2
2578,3252-43-5
2579,156052-68-5
2580,544-92-3
2581,738-70-5
2582,153233-91-1
2583,80-15-9
2584,16022-69-8
2585,15662-33-6
2586,60440-48-4
2587,79-10-7
2588,64618-63-9
2589,56863-93-5
2590,618-87-1
2591,58561-78-7
2592,103-90-2
2593,75534-59-7
2594,1937-37-7
2595,112-29-8
2596,761-65-9
2597,4316-42-1
2598,319-89-1
2599,107-29-9
2600,937-20-2
2601,108-94-1
2602,1689-83-4
2603,94-67-7
2604,74-89-5
2605,253-52-1
2606,105512-06-9
2607,20018-09-1
2608,618-85-9
2609,90-59-5
2610,77-92-9
2611,3813-05-6
2612,31502-57-5
2613,53558-25-1
2614,61-68-7
2615,57-43-2
2616,106-63-8
2617,116714-46-6
2618,101836-92-4
2619,16068-46-5
2620,51481-61-9
2621,133-32-4
2622,333-43-7
2623,302-95-4
2624,13863-31-5
2625,858956-08-8
2626,693-16-3
2627,56207-39-7
2628,29632-98-2
2629,83121-18-0
2630,1478-61-1
2631,57-68-1
2632,29553-26-2
2633,245367-77-5
2634,298-07-7
2635,140-01-2
2636,109-21-7
2637,2973-76-4
2638,6485-40-1
2639,7778-74-7
2640,700-38-9
2641,15128-82-2
2642,149961-52-4
2643,56108-12-4
2644,39905-57-2
2645,327-98-0
2646,94-62-2
2647,464-45-9
2648,56996-78-2
2649,7250-67-1
2650,23031-36-9
2651,107-45-9
2652,2467-02-9
2653,58138-08-2
2654,11096-42-7
2655,141-33-3
2656,145701-23-1
2657,91-88-3
2658,110-80-5
2659,127289-58-1
2660,83-26-1
2661,125225-28-7
2662,72027-03-3
2663,56996-37-3
2664,101-81-5
2665,141-28-6
2666,83588-43-6
2667,7576-65-0
2668,60-24-2
2669,75-89-8
2670,512-56-1
2671,12264-18-5
2672,5138-90-9
2673,20824-56-0
2674,127277-53-6
2675,108-42-9
2676,14729-82-9
2677,1161016-80-3
2678,56864-03-0
2679,106-43-4
2680,75-50-3
2681,16672-87-0
2682,53780-34-0
2683,148-18-5
2684,52-53-9
2685,7704-34-9
2686,7779-90-0
2687,13390-47-1
2688,67254-71-1
2689,214710-34-6
2690,99-71-8
2691,616-45-5
2692,5450-96-4
2693,1300-21-6
2694,1111-78-0
2695,103-84-4
2696,496-16-2
2697,55949-38-7
2698,67-45-8
2699,22037-97-4
2700,592-76-7
2701,518-75-2
2702,139-89-9
2703,98-04-4
2704,1634-02-2
2705,68952-95-4
2706,124-18-5
2707,135590-91-9
2708,57987-02-7
2709,7784-40-9
2710,2859-67-8
2711,583-53-9
2712,2425-66-3
2713,106-94-5
2714,447-60-9
2715,994-05-8
2716,61966-36-7
2717,55-86-7
2718,18292-97-2
2719,39638-32-9
2720,141-93-5
2721,84-62-8
2722,19406-51-0
2723,4151-50-2
2724,95-71-6
2725,66231-17-2
2726,26972-01-0
2727,64618-65-1
2728,2245-38-7
2729,502-39-6
2730,532-27-4
2731,13684-56-5
2732,104-76-7
2733,616-86-4
2734,91-66-7
2735,1413933-05-7
2736,59-06-3
2737,25550-58-7
2738,106-92-3
2739,110-16-7
2740,40465-66-5
2741,105-14-6
2742,51-21-8
2743,1080-32-6
2744,500-85-6
2745,666-84-2
2746,72027-05-5
2747,302-17-0
2748,64628-44-0
2749,144-49-0
2750,2386-53-0
2751,172521-57-2
2752,172520-86-4
2753,18854-01-8
2754,1694-09-3
2755,151-01-9
2756,10045-94-0
2757,15930-84-4
2758,172521-71-0
2759,2539-26-6
2760,31934-88-0
2761,4839-46-7
2762,71862-02-7
2763,163520-33-0
2764,2581-34-2
2765,22224-92-6
2766,104-43-8
2767,54812-31-6
2768,141-53-7
2769,61949-77-7
2770,609-89-2
2771,37220-35-2
2772,1302-78-9
2773,123-96-6
2774,2835-99-6
2775,25769-03-3
2776,1058-92-0
2777,93-79-8
2778,65996-78-3
2779,95-16-9
2780,2074-67-1
2781,75603-06-4
2782,7398-69-8
2783,1647-16-1
2784,60-09-3
2785,513-81-5
2786,506-68-3
2787,7345-69-9
2788,55635-13-7
2789,138757-72-9
2790,39412-51-6
2791,3344-14-7
2792,57960-19-7
2793,4654-18-6
2794,83713-16-0
2795,110-93-0
2796,16941-12-1
2797,37228-47-0
2798,7439-96-5
2799,29385-43-1
2800,56-81-5
2801,591-78-6
2802,56863-99-1
2803,825-90-1
2804,57-33-0
2805,100-71-0
2806,138757-63-8
2807,172520-73-9
2808,5464-71-1
2809,100092-74-8
2810,2985-59-3
2811,271-89-6
2812,68140-48-7
2813,73561-16-7
2814,96-05-9
2815,4117-14-0
2816,59417-73-1
2817,6416-68-8
2818,75-04-7
2819,123-42-2
2820,34911-46-1
2821,16530-58-8
2822,95-87-4
2823,629-19-6
2824,1129-35-7
2825,53-96-3
2826,13963-58-1
2827,525-82-6
2828,53763-61-4
2829,13350-71-5
2830,615-65-6
2831,623-05-2
2832,172521-20-9
2833,619-80-7
2834,16637-16-4
2835,60463-12-9
2836,62-56-6
2837,109-75-1
2838,20662-84-4
2839,53404-60-7
2840,63148-69-6
2841,7681-11-0
2842,11138-66-2
2843,10457-66-6
2844,172521-43-6
2845,2782-91-4
2846,846-70-8
2847,71283-80-2
2848,150-38-9
2849,37222-66-5
2850,72026-98-3
2851,4904-61-4
2852,577-19-5
2853,28711-29-7
2854,13814-96-5
2855,56392-17-7
2856,7790-98-9
2857,89-68-9
2858,7803-57-8
2859,1224510-29-5
2860,68439-70-3
2861,139968-49-3
2862,107-14-2
2863,138757-73-0
2864,63821-86-3
2865,55-21-0
2866,62852-89-5
2867,78-00-2
2868,120068-36-2
2869,70343-06-5
2870,136-85-6
2871,111-26-2
2872,53763-42-1
2873,868-77-9
2874,32536-52-0
2875,52038-48-9
2876,98-33-9
2877,2216-51-5
2878,813-78-5
2879,111-47-7
2880,88-68-6
2881,1928-43-4
2882,19480-43-4
2883,789-02-6
2884,120-07-0
2885,928-97-2
2886,131-55-5
2887,12738-46-4
2888,63148-62-9
2889,3212-28-0
2890,475-20-7
2891,57-62-5
2892,12124-97-9
2893,134-30-5
2894,35065-27-1
2895,54910-89-3
2896,532-34-3
2897,2416-94-6
2898,6266-23-5
2899,590-86-3
2900,108-73-6
2901,1161016-86-9
2902,188425-85-6
2903,69770-23-6
2904,172520-89-7
2905,525-66-6
2906,156-54-7
2907,7790-59-2
2908,932-16-1
2909,7790-58-1
2910,3547-33-9
2911,872-31-1
2912,36001-88-4
2913,85-84-7
2914,112-53-8
2915,26148-68-5
2916,7209-38-3
2917,66829-03-6
2918,172521-27-6
2919,70901-12-1
2920,95-63-6
2921,138757-64-9
2922,22555-16-4
2923,116255-48-2
2924,91-15-6
2925,470-82-6
2926,10026-11-6
2927,123-38-6
2928,98-51-1
2929,616-73-9
2930,629-04-9
2931,105-99-7
2932,126602-90-2
2933,42874-03-3
2934,75-31-0
2935,13927-77-0
2936,108-11-2
2937,81103-11-9
2938,86090-90-6
2939,2759-28-6
2940,3734-48-3
2941,500-22-1
2942,57017-75-1
2943,545-55-1
2944,25482-49-9
2945,85509-19-9
2946,87-91-2
2947,61096-84-2
2948,593-08-8
2949,17584-12-2
2950,6636-78-8
2951,108-80-5
2952,138789-53-4
2953,575-41-7
2954,3663-24-9
2955,140-89-6
2956,570-24-1
2957,22104-62-7
2958,51200-87-4
2959,598-02-7
2960,104-13-2
2961,66829-04-7
2962,106-95-6
2963,96-29-7
2964,7705-07-9
2965,1982-42-9
2966,53988-71-9
2967,21145-77-7
2968,112226-61-6
2969,112-02-7
2970,100-64-1
2971,120-62-7
2972,3033-77-0
2973,5372-81-6
2974,506-96-7
2975,5471-08-9
2976,97-64-3
2977,87-62-7
2978,75-65-0
2979,30406-18-9
2980,620-88-2
2981,172521-35-6
2982,97780-06-8
2983,172521-73-2
2984,123-25-1
2985,138790-63-3
2986,33704-61-9
2987,9000-30-0
2988,2439-77-2
2989,7377-03-9
2990,14402-89-2
2991,172521-58-3
2992,120786-56-3
2993,1929-86-8
2994,1439-07-2
2995,59417-74-2
2996,66594-33-0
2997,113136-77-9
2998,97502-63-1
2999,110-49-6
3000,72963-72-5
3001,514-10-3
3002,933-78-8
3003,57465-28-8
3004,120067-83-6
3005,1686-59-5
3006,172521-30-1
3007,56348-40-4
3008,108-21-4
3009,26027-38-3
3010,118-93-4
3011,1066-51-9
3012,28804-88-8
3013,1520-77-0
3014,160-02-1
3015,12125-01-8
3016,14299-51-5
3017,126-22-7
3018,87-72-9
3019,603-86-1
3020,504-29-0
3021,135285-90-4
3022,126535-15-7
3023,64618-70-8
3024,123-01-3
3025,7533-79-1
3026,85-44-9
3027,8011-76-5
3028,563-80-4
3029,78565-30-7
3030,53763-11-4
3031,616-72-8
3032,66558-68-7
3033,302578-97-8
3034,7132-27-6
3035,27176-93-8
3036,138757-65-0
3037,20668-33-1
3038,2232-08-8
3039,16984-48-8
3040,77-06-5
3041,864076-54-0
3042,812-70-4
3043,20679-58-7
3044,66860-80-8
3045,99-51-4
3046,578-46-1
3047,17781-31-6
3048,60-13-9
3049,459-59-6
3050,610-37-7
3051,34274-04-9
3052,4798-44-1
3053,7699-45-8
3054,53763-10-3
3055,3148-72-9
3056,7440-36-0
3057,123-15-9
3058,471-34-1
3059,1162-65-8
3060,135-01-3
3061,172521-36-7
3062,79124-76-8
3063,112-20-9
3064,54739-18-3
3065,10543-57-4
3066,544-18-3
3067,2138-22-9
3068,53763-56-7
3069,79-31-2
3070,16893-85-9
3071,73606-19-6
3072,109-59-1
3073,7440-56-4
3074,3090-35-5
3075,70-69-9
3076,111-86-4
3077,2465-27-2
3078,6175-49-1
3079,1072-97-5
3080,25319-82-8
3081,111-30-8
3082,635-93-8
3083,73263-81-7
3084,61977-06-8
3085,1421-14-3
3086,95328-23-7
3087,120-51-4
3088,95-77-2
3089,764-13-6
3090,25646-71-3
3091,53763-53-4
3092,33323-93-2
3093,72027-00-0
3094,7307-55-3
3095,12071-83-9
3096,15541-45-4
3097,30030-25-2
3098,5395-75-5
3099,693-98-1
3100,103-76-4
3101,130-20-1
3102,54650-57-6
3103,13608-87-2
3104,172521-64-1
3105,27541-88-4
3106,16039-53-5
3107,51142-62-2
3108,96-13-9
3109,100-37-8
3110,1161016-84-7
3111,621-08-9
3112,1891-95-8
3113,108-89-4
3114,375-22-4
3115,100-63-0
3116,13601-19-9
3117,2122-70-5
3118,15323-35-0
3119,561056-62-0
3120,186825-36-5
3121,114247-09-5
3122,123-34-2
3123,95-68-1
3124,3452-97-9
3125,591-27-5
3126,12030-91-0
3127,26952-20-5
3128,2012-00-2
3129,7439-91-0
3130,54812-32-7
3131,1482-15-1
3132,15045-43-9
3133,138790-38-2
3134,112-50-5
3135,75-52-5
3136,7637-07-2
3137,102-08-9
3138,485-49-4
3139,13450-90-3
3140,172520-83-1
3141,607-81-8
3142,822-86-6
3143,619-72-7
3144,21923-23-9
3145,14548-45-9
3146,244094-40-4
3147,8000-29-1
3148,335-76-2
3149,78-70-6
3150,57808-65-8
3151,609-19-8
3152,118-52-5
3153,107-87-9
3154,103-82-2
3155,25265-71-8
3156,589-09-3
3157,64618-69-5
3158,939-23-1
3159,25338-51-6
3160,54576-32-8
3161,5683-33-0
3162,13462-86-7
3163,137-19-9
3164,2051-79-8
3165,108-86-1
3166,1321-94-4
3167,387-45-1
3168,3206-31-3
3169,119364-85-1
3170,102-27-2
3171,67487-87-0
3172,172521-70-9
3173,123-03-5
3174,1484-26-0
3175,683-72-7
3176,141-91-3
3177,13673-92-2
3178,112-36-7
3179,14548-46-0
3180,693-93-6
3181,32289-58-0
3182,5598-15-2
3183,874-42-0
3184,1945-53-5
3185,79-77-6
3186,14433-76-2
3187,96-12-8
3188,103-83-3
3189,62-55-5
3190,37529-30-9
3191,140-11-4
3192,111991-09-4
3193,53763-34-1
3194,3380-30-1
3195,103-05-9
3196,14008-58-3
3197,53762-97-3
3198,52316-55-9
3199,499-83-2
3200,68-11-1
