"","cas","mw"
"1","10108-64-2",183.316
"2","88-30-2",207.1087
"3","1397-94-0",548.632
"4","25474-41-3",NA
"5","540-72-7",81.0675
"6","72-43-5",345.6523
"7","2921-88-2",350.5836
"8","19902-04-6",333.5562
"9","7757-82-6",142.0371
"10","7758-98-7",159.6036
"11","87-86-5",266.3383
"12","12642-13-6",NA
"13","1918-13-4",206.0892
"14","13746-66-2",329.2472
"15","1563-66-2",221.2554
"16","17109-36-3",397.2572
"17","93-15-2",178.2304
"18","63-25-2",201.2244
"19","42615-29-2",348.4751
"20","52-68-6",257.4376
"21","50-29-3",354.4901
"22","57-12-5",26.0177
"23","30560-19-1",183.1617
"24","504-24-5",94.1158
"25","72-20-8",380.9126
"26","79-57-2",540.4337
"27","8018-01-7",541.0076
"28","900-95-8",409.051
"29","90-15-3",144.1726
"30","7761-88-8",169.8729
"31","35367-38-5",310.6871
"32","8027-85-8",370.9562
"33","7783-06-4",34.0758
"34","76930-58-0",264.1901
"35","12789-03-6",409.7814
"36","13410-01-0",188.9371
"37","1918-00-9",221.0396
"38","22781-23-3",223.228
"39","540-88-5",116.1596
"40","88-85-7",240.2152
"41","3383-96-8",466.4579
"42","7778-50-9",294.1838
"43","121-82-4",222.117
"44","35400-43-2",322.4347
"45","77-75-8",98.1444
"46","10124-36-4",208.4676
"47","10043-52-4",110.986
"48","732-11-6",317.3139
"49","83-79-4",394.4232
"50","75-99-0",142.9694
"51","7440-50-8",63.546
"52","55406-53-6",281.0928
"53","68951-67-7",NA
"54","608-73-1",290.8314
"55","27344-41-8",562.5619
"56","121-75-5",330.3503
"57","10102-06-4",396.0534
"58","96638-72-1",NA
"59","148-79-8",201.2454
"60","64618-68-4",NA
"61","1897-45-6",265.9134
"62","81406-37-3",367.2469
"63","13171-21-6",299.6906
"64","7681-52-9",74.4422
"65","78-99-9",112.9864
"66","188023-86-1",NA
"67","1194-65-6",172.0134
"68","52315-07-8",416.303
"69","298-46-4",236.2726
"70","7447-39-4",134.452
"71","94-75-7",221.0396
"72","50-00-0",30.0262
"73","107-06-2",98.9596
"74","21609-90-5",412.0646
"75","100-70-9",104.111
"76","142-71-2",181.635
"77","7439-97-6",200.59
"78","84-65-1",208.216
"79","121-33-5",152.1494
"80","143-33-9",49.0075
"81","22936-75-0",255.3804
"82","10599-90-3",51.4755
"83","81-81-2",308.333
"84","8001-35-2",411.7972
"85","333-20-0",97.1757
"86","481-39-0",174.1556
"87","7487-94-7",271.496
"88","8005-78-5",461.396
"89","1982-47-4",290.7487
"90","111-27-3",102.176
"91","7733-02-0",161.4376
"92","7646-85-7",136.286
"93","40487-42-1",281.3108
"94","67375-30-8",416.303
"95","75-91-2",90.1218
"96","708-76-9",182.1756
"97","106-48-9",128.5579
"98","1420-04-8",388.2066
"99","2212-67-1",187.2994
"100","315-18-4",222.2864
"101","111-90-0",134.1748
"102","1344-67-8",98.999
"103","7773-06-0",114.119
"104","16752-77-5",162.2062
"105","51-28-5",184.108
"106","140-66-9",206.3272
"107","1929-73-3",321.1998
"108","9002-92-0",230.3898
"109","206-44-0",202.255
"110","67-66-3",119.3779
"111","78-48-8",314.4985
"112","299-84-3",321.5422
"113","37262-61-6",342.434
"114","7786-81-4",154.751
"115","7664-41-7",17.0304
"116","115-29-7",406.9226
"117","55-38-9",278.3205
"118","77-47-4",272.773
"119","5064-31-3",257.0858
"120","10099-74-8",331.2098
"121","12125-02-9",53.4913
"122","142-28-9",112.9864
"123","10343-61-0",383.9728
"124","11096-82-5",360.8816
"125","91-20-3",128.1732
"126","7440-43-9",112.41
"127","584-79-2",302.4126
"128","76-44-8",373.3205
"129","100-02-7",139.1104
"130","4214-79-3",129.5457
"131","2499-95-8",156.2242
"132","629-97-0",310.6054
"133","148-53-8",152.1494
"134","60-57-1",380.9126
"135","71-36-3",74.1224
"136","128-37-0",220.354
"137","42576-02-3",342.1348
"138","39289-94-6",NA
"139","2008-39-1",266.1236
"140","10453-86-8",338.4456
"141","1071-83-6",169.0737
"142","15299-99-7",271.3584
"143","126-33-0",120.166
"144","298-00-0",263.2045
"145","151-50-8",65.1157
"146","75-09-2",84.9328
"147","60-51-5",229.2485
"148","38641-94-0",228.1845
"149","93-72-1",269.5115
"150","57213-69-1",357.6637
"151","86-74-8",167.2098
"152","1582-09-8",335.2823
"153","1445-75-6",180.1833
"154","141-78-6",88.106
"155","63231-50-5",NA
"156","108-88-3",92.1402
"157","52645-53-1",391.2932
"158","66330-88-9",228.1119
"159","120-80-9",110.1122
"160","143-50-0",490.6394
"161","133-06-2",300.5867
"162","80-06-8",267.1542
"163","7647-14-5",58.4428
"164","122-14-5",277.2313
"165","12672-29-6",291.9914
"166","34128-01-3",258.0706
"167","112-56-1",203.2988
"168","7784-46-5",129.9102
"169","10042-84-9",213.1221
"170","3251-23-8",187.5558
"171","111-15-9",132.159
"172","54-64-8",404.8087
"173","127-65-1",227.6406
"174","626201-67-0",NA
"175","333-41-5",304.3433
"176","771-60-8",183.0805
"177","120-83-2",163.003
"178","87-68-3",260.762
"179","58-89-9",290.8314
"180","7446-18-6",504.7976
"181","2032-59-9",208.2596
"182","2540-82-1",257.2589
"183","1192-89-8",357.5995
"184","56-38-2",291.2581
"185","5137-55-3",404.1613
"186","56-23-5",153.823
"187","84-74-2",278.3474
"188","52918-63-5",505.205
"189","27554-26-3",390.5618
"190","542-75-6",110.9706
"191","28249-77-6",257.7775
"192","16090-02-1",924.9153
"193","57-74-9",409.7814
"194","104-40-5",220.354
"195","39515-41-8",349.4286
"196","134-20-3",151.1646
"197","98-01-1",96.0854
"198","13071-79-9",288.4175
"199","9016-45-9",308.46
"200","569-64-2",364.9169
"201","7789-00-6",194.1896
"202","126-72-7",697.6129
"203","111-42-2",105.1364
"204","90-12-0",142.2
"205","56-35-9",596.07
"206","60617-06-3",NA
"207","120-18-3",208.2314
"208","78-90-0",74.1254
"209","71-43-2",78.1134
"210","302-01-2",32.045
"211","65954-19-0",240.385
"212","12680-48-7",161.9731
"213","1746-81-2",214.6511
"214","2163-80-6",161.9522
"215","709-98-8",218.0822
"216","60-29-7",74.1224
"217","141112-29-0",359.3193
"218","301-04-2",325.289
"219","68333-79-9",NA
"220","26259-45-0",225.293
"221","5915-41-3",229.7119
"222","25171-63-5",201.2428
"223","7439-89-6",55.847
"224","29450-45-1",312.8357
"225","55335-06-3",256.4725
"226","101-20-2",315.5859
"227","1910-42-5",257.162
"228","51630-58-1",419.9067
"229","1320-18-9",335.2266
"230","56996-80-6",NA
"231","123-31-9",110.1122
"232","7440-66-6",65.38
"233","13593-03-8",298.2959
"234","85-00-7",344.0482
"235","86-50-0",317.3169
"236","124-65-2",159.9796
"237","14986-84-6",469.8259
"238","950-37-8",302.3177
"239","89-83-8",150.22
"240","131-52-2",288.3202
"241","70-38-2",286.4132
"242","101200-48-0",395.3892
"243","7632-00-0",68.9953
"244","6515-38-4",220.4178
"245","1678-91-7",112.2144
"246","597-64-8",234.936
"247","3648-20-2",474.7226
"248","51235-04-2",252.3156
"249","72574-95-9",NA
"250","577-85-5",238.2422
"251","105-67-9",122.1664
"252","26002-80-2",350.4566
"253","101-05-3",275.5243
"254","100473-08-3",NA
"255","5234-68-4",235.3002
"256","3766-81-2",207.2718
"257","95-50-1",147.0036
"258","10102-18-8",172.9377
"259","6491-02-7",292.6781
"260","109-97-7",67.0902
"261","151-21-3",288.3769
"262","120068-37-3",437.1462
"263","8002-13-9",NA
"264","9002-93-1",250.3802
"265","7647-15-6",102.8938
"266","7782-49-2",78.96
"267","122-88-3",186.5945
"268","94-82-6",249.0932
"269","8003-34-7",NA
"270","57571-05-8",NA
"271","94-80-4",277.1468
"272","108-90-7",112.5585
"273","2597-03-7",320.3577
"274","50-28-2",272.3864
"275","13517-11-8",96.9113
"276","122-34-9",201.6583
"277","7803-55-6",116.9779
"278","42087-80-9",215.5927
"279","4180-12-5",123.5984
"280","1912-24-9",215.6851
"281","10031-82-0",150.1768
"282","7700-17-6",314.2743
"283","4404-43-7",916.982
"284","95-76-1",162.0182
"285","117718-60-2",396.3745
"286","14484-64-1",416.4683
"287","10325-94-7",238.4356
"288","127-18-4",165.834
"289","534-22-5",82.1018
"290","100-52-7",106.1238
"291","39403-84-4",NA
"292","39148-24-8",351.0819
"293","122-42-9",179.2182
"294","15972-60-8",269.7705
"295","115-96-8",285.4912
"296","108-95-2",94.1128
"297","2164-17-2",232.2049
"298","120-82-1",181.4487
"299","82-68-8",295.3365
"300","5827-05-4",304.4169
"301","67-72-1",236.74
"302","152-16-9",286.2501
"303","2032-65-7",225.305
"304","330-54-1",233.0968
"305","129630-19-9",413.1799
"306","1330-69-4",NA
"307","7446-08-4",110.9588
"308","7789-09-5",252.0644
"309","74665-86-4",NA
"310","11121-48-5",1049.8588
"311","106-89-8",92.5249
"312","25954-13-6",170.1047
"313","8030-30-6",NA
"314","319-84-6",290.8314
"315","95-95-4",197.4481
"316","7790-92-3",52.4603
"317","7723-14-0",30.9738
"318","287967-89-9",NA
"319","66230-04-4",419.9067
"320","7722-64-7",NA
"321","119446-68-3",406.2676
"322","7631-99-4",84.9947
"323","2310-17-0",367.8016
"324","7440-22-4",107.868
"325","2896-70-0",170.2309
"326","95312-94-0",NA
"327","111-87-5",130.2296
"328","23564-05-8",342.387
"329","3772-94-9",448.6435
"330","3084-62-6",369.6717
"331","141-43-5",61.0834
"332","834-12-8",227.3268
"333","2439-10-3",287.4446
"334","33125-97-2",244.2926
"335","84852-15-3",220.354
"336","25155-30-0",NA
"337","111-55-7",146.1426
"338","93-91-4",162.1878
"339","108-87-2",98.1876
"340","62-73-7",220.9767
"341","115-86-6",326.2879
"342","55285-14-8",380.5444
"343","556-67-2",296.6192
"344","7782-86-7",280.6101
"345","156410-04-7",NA
"346","65996-94-3",78.972
"347","7778-54-3",142.9848
"348","12407-86-2",193.245
"349","78-34-2",456.5213
"350","68424-85-1",368.0445
"351","8067-49-0",NA
"352","36734-19-7",330.17
"353","12772-06-4",NA
"354","9006-42-2",275.7248
"355","288-88-0",69.0658
"356","51218-45-2",283.7973
"357","58-90-2",231.8932
"358","80-62-6",100.117
"359","1420-06-0",329.4408
"360","80-05-7",228.2902
"361","2117-11-5",84.1176
"362","106-46-7",147.0036
"363","56-72-4",362.7642
"364","39278-82-5",NA
"365","1120-01-0",328.4847
"366","61791-26-2",NA
"367","121-14-2",182.1354
"368","66594-31-8",NA
"369","71-23-8",60.0956
"370","2164-07-0",262.3442
"371","2545-59-7",355.6449
"372","37353-63-2",NA
"373","110-83-8",82.145
"374","147150-35-4",429.8096
"375","2425-06-1",349.0586
"376","7783-20-2",132.1342
"377","5903-13-9",217.2423
"378","56902-08-0",NA
"379","117-81-7",390.5618
"380","1918-02-1",241.4609
"381","3825-26-1",431.1011
"382","7697-37-2",63.0128
"383","1313-82-2",79.0474
"384","1330-20-7",106.167
"385","41198-08-7",373.6285
"386","99-65-0",168.1086
"387","116580-64-4",NA
"388","3698-83-7",236.9988
"389","14214-89-2",259.1297
"390","142-87-0",260.3233
"391","115-32-2",370.4895
"392","88-72-2",137.1378
"393","7787-47-5",79.9182
"394","94-09-7",165.1914
"395","1303-28-2",229.8402
"396","23210-56-2",325.4498
"397","465-73-6",364.9132
"398","118-74-1",284.784
"399","1191-50-0",316.4305
"400","608-71-9",488.5933
"401","177256-67-6",NA
"402","1918-16-7",211.6907
"403","137-26-8",240.4142
"404","118-96-7",227.133
"405","55-63-0",227.0872
"406","87392-12-9",NA
"407","75139-62-7",NA
"408","66332-96-5",323.3141
"409","63449-39-8",545.3296
"410","52769-87-6",NA
"411","924-41-4",98.1444
"412","84-75-3",334.4546
"413","1327-53-3",197.8414
"414","93-76-5",255.4847
"415","110-91-8",87.1212
"416","4685-14-7",186.256
"417","59756-60-4",329.3209
"418","6203-18-5",175.2298
"419","60207-90-1",342.2242
"420","2698-41-1",188.6159
"421","2008-41-5",217.3688
"422","408-27-5",148.2201
"423","126-73-8",266.3167
"424","13360-45-7",293.5472
"425","556-88-7",104.0682
"426","3861-41-4",347.0056
"427","91-53-2",217.3102
"428","107-64-2",586.5097
"429","2104-64-5",323.3027
"430","538-68-1",148.2474
"431","75-01-4",62.4987
"432","7775-09-9",106.441
"433","127-66-2",146.1884
"434","7757-79-1",101.1029
"435","858954-83-3",NA
"436","75-35-4",96.9438
"437","13411-16-0",246.222
"438","7782-50-5",70.906
"439","13510-49-1",105.0698
"440","75139-61-6",NA
"441","7758-19-2",90.4416
"442","3648-36-0",389.3668
"443","11097-69-1",326.4365
"444","115-09-3",251.0777
"445","2655-19-8",263.379
"446","13463-67-7",79.8988
"447","14798-03-9",18.0383
"448","53404-31-2",335.2266
"449","124-63-0",114.5465
"450","61-82-5",84.0804
"451","309-00-2",364.9132
"452","1129-41-5",165.1914
"453","95-01-2",138.1226
"454","1336-21-6",35.0456
"455","57-14-7",60.0986
"456","7446-70-0",133.3405
"457","13181-17-4",461.0228
"458","1314-62-1",181.8798
"459","136-25-4",366.4553
"460","19937-59-8",228.6779
"461","95-51-2",127.5731
"462","81-88-9",479.0175
"463","1305-62-0",74.0946
"464","2223-93-0",679.3566
"465","62-38-4",336.74
"466","67564-91-4",303.4868
"467","3691-35-8",374.8227
"468","205650-65-3",NA
"469","3737-09-5",339.4796
"470","541-73-1",147.0036
"471","150-68-5",198.6517
"472","110-86-1",79.1012
"473","8066-11-3",471.0655
"474","75-21-8",44.053
"475","563-12-2",384.4579
"476","98-06-6",134.2206
"477","140-41-0",362.0394
"478","94-81-5",228.6749
"479","64-75-5",480.9011
"480","7440-47-3",51.996
"481","96300-97-9",694.6561
"482","37264-94-1",NA
"483","4136-91-8",352.6286
"484","10028-22-5",399.8668
"485","549-18-8",313.8693
"486","62-53-3",93.128
"487","504-20-1",138.209
"488","1929-82-4",230.9084
"489","118-55-8",214.2202
"490","121-73-3",157.5561
"491","11067-81-5",318.43
"492","2274-99-9",NA
"493","1740-19-8",300.44
"494","125401-92-5",NA
"495","51338-27-3",341.1902
"496","98-95-3",123.111
"497","27774-13-6",162.9984
"498","26264-06-2",NA
"499","81334-34-1",261.2798
"500","97-53-0",164.2036
"501","15687-27-1",206.284
"502","77-73-6",132.2048
"503","298-02-2",260.3639
"504","106-47-8",127.5731
"505","71706-07-5",NA
"506","8001-54-5",NA
"507","50-31-7",225.4585
"508","13909-73-4",210.2292
"509","79983-71-4",314.2138
"510","108-05-4",86.0902
"511","13826-65-8",299.211
"512","55268-74-1",312.4108
"513","5829-48-1",353.3714
"514","680-31-9",179.2015
"515","506-87-6",96.0858
"516","4901-51-3",231.8932
"517","114-07-8",733.9352
"518","91-64-5",146.1452
"519","2058-46-0",496.9005
"520","52623-84-4",172.2395
"521","1310-73-2",39.9971
"522","88-89-1",229.1056
"523","79-01-6",131.3889
"524","17804-35-2",290.3212
"525","13389-42-9",112.2144
"526","27619-97-2",428.1649
"527","16721-80-5",56.0577
"528","7786-34-7",224.1499
"529","107-13-1",53.0634
"530","158062-67-0",229.1611
"531","122-03-2",148.2042
"532","61790-13-4",192.2329
"533","8067-55-8",652.7825
"534","7440-38-2",74.9216
"535","64700-56-7",356.6327
"536","75-25-2",252.7309
"537","80844-07-1",376.4944
"538","15271-41-7",241.6767
"539","108-24-7",102.0896
"540","1464-42-2",196.1074
"541","400852-66-6",NA
"542","10043-01-3",258.1947
"543","7718-54-9",129.5994
"544","8027-00-7",634.3852
"545","56425-91-3",312.2909
"546","1656-48-0",124.142
"547","78-83-1",74.1224
"548","61711-25-9",NA
"549","95-65-8",122.1664
"550","554-00-7",162.0182
"551","110-88-3",90.0786
"552","108-67-8",120.1938
"553","50934-16-2",NA
"554","78-51-3",398.4757
"555","8065-48-3",NA
"556","1330-43-4",NA
"557","7775-11-3",NA
"558","57-55-6",NA
"559","1745-81-9",NA
"560","10043-35-3",NA
"561","7758-09-0",NA
"562","110-82-7",NA
"563","1330-78-5",NA
"564","19398-13-1",NA
"565","59-50-7",NA
"566","7601-54-9",NA
"567","12698-87-2",NA
"568","76-87-9",NA
"569","17418-58-5",NA
"570","137-29-1",NA
"571","64902-72-3",NA
"572","121552-61-2",NA
"573","111-76-2",NA
"574","2691-41-0",NA
"575","94-74-6",NA
"576","39331-45-8",NA
"577","172521-76-5",NA
"578","80-38-6",NA
"579","39341-15-6",NA
"580","13463-41-7",317.6854
"581","1468-37-7",214.3302
"582","7631-90-5",103.048
"583","576-26-1",122.1664
"584","109-77-3",66.0622
"585","619-24-9",148.1208
"586","485-31-4",322.317
"587","12797-87-4",NA
"588","62010-28-0",NA
"589","7778-39-4",141.9429
"590","1121-76-2",129.5457
"591","56996-90-8",NA
"592","7664-38-2",97.9951
"593","34455-29-3",570.3653
"594","7487-88-9",120.3626
"595","1334-77-6",NA
"596","120928-09-8",306.4066
"597","111-66-0",112.2144
"598","260-94-6",179.2208
"599","7699-43-6",180.1412
"600","181274-15-7",420.3717
"601","1113-02-6",213.1879
"602","5258-64-0",239.1779
"603","15067-52-4",NA
"604","361377-29-9",458.8326
"605","127-20-8",164.9513
"606","1861-32-1",331.967
"607","84-66-2",222.2402
"608","55600-34-5",223.1012
"609","4412-91-3",98.1012
"610","32534-95-5",381.7259
"611","144-55-8",84.0069
"612","107-49-3",290.1893
"613","7785-87-7",150.9956
"614","11104-28-2",NA
"615","300-76-5",380.7847
"616","54593-83-8",335.9969
"617","53112-28-0",199.2548
"618","12002-48-1",181.4487
"619","4501-00-2",831.9303
"620","99-08-1",137.1378
"621","2447-79-2",190.0286
"622","128606-48-4",268.2641
"623","90-03-9",329.1479
"624","12122-67-7",275.7248
"625","7772-99-8",189.596
"626","37339-61-0",NA
"627","335-67-1",414.0707
"628","75-05-8",41.0524
"629","60-34-4",46.0718
"630","4684-94-0",157.5561
"631","281-23-2",136.2364
"632","1461-22-9",325.4883
"633","78-96-6",75.1102
"634","108-31-6",98.058
"635","26635-92-7",445.7248
"636","100-42-5",104.1512
"637","7758-95-4",278.106
"638","74665-84-2",NA
"639","79-09-4",74.0792
"640","2275-23-2",287.3283
"641","150-50-5",298.4991
"642","513-77-9",197.3492
"643","90-43-7",170.2104
"644","1646-88-4",222.2586
"645","37301-44-3",NA
"646","56073-10-0",523.4249
"647","55818-86-5",NA
"648","68-12-2",73.0944
"649","38638-05-0",452.5291
"650","66555-33-7",NA
"651","2675-77-6",207.056
"652","12040-57-2",162.206
"653","7783-00-8",128.974
"654","108-43-0",128.5579
"655","953-17-3",314.7994
"656","7245-02-5",252.269
"657","138-86-3",136.2364
"658","100-25-4",168.1086
"659","7778-43-0",164.9327
"660","91465-08-6",449.8562
"661","10222-01-2",241.8696
"662","7772-98-7",248.1737
"663","106-68-3",128.2138
"664","298-04-4",274.3907
"665","144940-97-6",NA
"666","25168-15-4",367.6991
"667","8002-05-9",NA
"668","640-15-3",246.3371
"669","2243-27-8",139.24
"670","26628-22-8",65.0099
"671","92-87-5",184.2402
"672","107-02-8",56.064
"673","142-96-1",130.2296
"674","118-61-6",166.1762
"675","7647-01-0",36.4609
"676","34014-18-1",228.3116
"677","114311-32-9",305.3328
"678","15307-79-6",318.1343
"679","7758-29-4",367.8641
"680","2439-01-2",234.2902
"681","79617-96-2",306.234
"682","29232-93-7",305.3311
"683","11118-72-2",NA
"684","123-54-6",100.117
"685","101-84-8",170.2104
"686","1333-82-0",99.9942
"687","142-59-6",256.3243
"688","2545-60-0",279.551
"689","74-83-9",94.9387
"690","79-00-5",133.4047
"691","9036-19-5",294.4332
"692","886-86-2",261.2922
"693","1327-79-3",272.3056
"694","76703-62-3",449.8562
"695","107-22-2",58.0366
"696","131-17-9",246.2622
"697","149-30-4",167.2432
"698","79-07-2",93.5127
"699","11096-99-4",NA
"700","17606-31-4",431.5972
"701","25154-52-3",258.4441
"702","172520-87-5",NA
"703","10605-21-7",191.189
"704","7287-19-6",241.3536
"705","68131-39-5",NA
"706","129-67-9",230.1277
"707","34256-82-1",269.7705
"708","8004-92-0",477.3705
"709","1861-40-1",335.2823
"710","37296-92-7",NA
"711","7446-07-3",159.5988
"712","53469-21-9",291.9914
"713","26087-47-8",288.3409
"714","63449-41-2",311.9373
"715","133-07-3",296.5551
"716","7681-55-2",197.8925
"717","115-90-2",308.3467
"718","29091-05-2",322.2433
"719","99-35-4",213.1062
"720","119168-77-3",333.8601
"721","7440-02-0",58.6934
"722","95-93-2",134.2206
"723","108-39-4",108.1396
"724","72-54-8",320.045
"725","7173-51-5",362.0809
"726","21087-64-9",214.2848
"727","51158-19-1",NA
"728","1309-64-4",291.4982
"729","870-72-4",134.0821
"730","127-00-4",94.5407
"731","631-64-1",217.8446
"732","11120-29-9",609.2047
"733","85-68-7",312.3646
"734","3687-13-6",241.0886
"735","1330-38-7",NA
"736","470-90-6",359.573
"737","51-03-6",338.443
"738","55283-68-6",333.2665
"739","112-34-5",162.2284
"740","82633-79-2",155.2142
"741","13138-45-9",290.7944
"742","104206-82-8",339.3192
"743","52-51-7",199.9887
"744","68188-45-4",NA
"745","2439-99-8",263.0803
"746","81777-89-1",239.7011
"747","91-94-1",253.1304
"748","78-59-1",138.209
"749","65589-70-0",NA
"750","8050-84-8",NA
"751","622-40-2",131.1742
"752","138261-41-3",255.6633
"753","210880-92-5",249.6745
"754","99-30-9",207.0158
"755","103-33-3",182.2244
"756","555-37-3",275.1772
"757","13194-48-4",242.3307
"758","67-64-1",58.0798
"759","66419-38-3",NA
"760","7646-78-8",260.502
"761","1314-64-3",366.0854
"762","104-75-6",129.2448
"763","83-32-9",154.211
"764","500-28-7",297.6496
"765","1596-84-5",160.1724
"766","14064-10-9",194.6145
"767","67614-32-8",419.9067
"768","37223-73-7",NA
"769","299-86-5",291.7138
"770","7779-88-6",189.3898
"771","54381-16-7",294.322
"772","841-06-5",271.3798
"773","10102-44-0",46.0055
"774","1306-19-0",128.4094
"775","89-59-8",171.5829
"776","1610-18-0",225.293
"777","123-33-1",112.0878
"778","23103-98-2",238.2888
"779","135-19-3",144.1726
"780","7542-09-8",118.9424
"781","10028-15-6",47.9982
"782","22431-62-5",364.4834
"783","74-87-3",50.4877
"784","1314-13-2",81.3794
"785","110-58-7",87.1644
"786","7720-78-7",151.9046
"787","57036-29-0",NA
"788","1134-23-2",215.353
"789","111-70-6",116.2028
"790","14338-32-0",255.4855
"791","154592-20-8",NA
"792","7439-92-1",207.2
"793","85-34-7",261.4672
"794","57-13-6",60.0554
"795","4180-23-8",148.2042
"796","1222-05-5",258.4028
"797","31218-83-4",281.3061
"798","933-75-5",197.4481
"799","628-63-7",130.1864
"800","56996-89-5",NA
"801","393-39-5",179.1168
"802","6408-78-2",416.3829
"803","68131-40-8",NA
"804","66594-32-9",NA
"805","5598-13-0",322.53
"806","4437-85-8",116.1164
"807","98-54-4",150.22
"808","68411-30-3",NA
"809","72674-05-6",NA
"810","70288-86-7",1736.1816
"811","123312-89-0",217.2298
"812","86209-51-0",468.336
"813","107534-96-3",307.8223
"814","446-72-0",270.241
"815","124-87-8",602.5908
"816","20762-60-1",NA
"817","8001-50-1",377.3521
"818","927-74-2",70.0908
"819","124-40-3",45.084
"820","78587-05-0",352.8781
"821","88-06-2",197.4481
"822","3844-45-9",792.8431
"823","330-55-2",249.0962
"824","99-86-5",136.2364
"825","243973-20-8",400.5168
"826","50512-35-1",290.3918
"827","2439-00-1",261.4672
"828","287967-98-0",NA
"829","1325-37-7",NA
"830","28434-00-6",302.4126
"831","26530-20-1",213.3372
"832","70630-17-0",NA
"833","2008-46-0",356.6759
"834","39515-40-7",375.4664
"835","121-54-0",448.0873
"836","8007-46-3",NA
"837","627-30-5",94.5407
"838","14959-86-5",226.3582
"839","10039-54-0",164.133
"840","12674-11-2",257.5463
"841","1639-66-3",444.5579
"842","5103-74-2",409.7814
"843","5407-04-5",158.0704
"844","385-00-2",158.1042
"845","150114-71-9",207.0158
"846","79902-63-9",418.5722
"847","873-63-2",142.5847
"848","9004-81-3",244.3734
"849","239110-15-7",NA
"850","365400-11-9",NA
"851","3400-09-7",85.9206
"852","7005-72-3",204.6555
"853","105-53-3",160.1694
"854","280-57-9",112.1742
"855","129-00-0",202.255
"856","623-91-6",172.1804
"857","10265-92-6",141.1245
"858","123-91-1",88.106
"859","38260-54-7",292.2891
"860","110-12-3",114.187
"861","79-06-1",71.0786
"862","172306-85-3",NA
"863","43121-43-3",293.7523
"864","2893-78-9",219.9471
"865","78-93-3",72.1066
"866","60-00-4",292.245
"867","1114-71-2",203.342
"868","21265-50-9",362.0987
"869","25013-16-5",180.2462
"870","114-26-1",209.2444
"871","7758-94-3",198.8138
"872","83-89-6",399.9625
"873","124-22-1",185.352
"874","2939-80-2",349.0586
"875","127-52-6",213.6138
"876","100-41-4",106.167
"877","143-08-8",144.2564
"878","148-24-3",145.1604
"879","80-12-6",240.2516
"880","1332-40-7",213.5669
"881","119-32-4",152.1524
"882","12002-53-8",232.7497
"883","117-80-6",227.0464
"884","108-38-3",106.167
"885","3194-55-6",641.6982
"886","116-06-3",190.2598
"887","220899-03-6",409.2759
"888","8065-62-1",432.4993
"889","28288-05-3",NA
"890","100-51-6",108.1396
"891","120-36-5",235.0664
"892","105-37-3",102.1328
"893","10025-91-9",706.9943
"894","81-77-6",442.4296
"895","13356-08-6",1052.6556
"896","11141-17-6",720.723
"897","111-69-3",108.1426
"898","10025-73-7",266.4462
"899","141-03-7",230.3034
"900","3478-94-2",330.2534
"901","120-12-7",178.233
"902","877-43-0",157.2146
"903","60-56-0",114.1648
"904","57055-39-7",369.3302
"905","85-01-8",178.233
"906","4170-30-3",70.0908
"907","5922-60-1",152.5829
"908","639-58-7",385.4595
"909","25168-26-7",333.254
"910","52-46-0",387.3032
"911","76-06-2",164.3755
"912","122-60-1",150.1768
"913","112281-77-3",372.149
"914","14816-18-3",298.2959
"915","69327-76-0",305.4372
"916","10588-01-9",261.9673
"917","956-90-1",279.8521
"918","107-19-7",56.064
"919","61-73-4",319.8513
"920","67-56-1",32.042
"921","79-92-5",136.2364
"922","108-18-9",101.1912
"923","56996-94-2",NA
"924","56646-05-0",NA
"925","4080-31-3",251.1582
"926","552-89-6",151.1214
"927","350-46-9",141.1015
"928","2212-59-1",545.6316
"929","57-63-6",296.4084
"930","874967-67-6",NA
"931","100986-85-4",740.7594
"932","150-76-5",124.139
"933","2602-46-2",932.7409
"934","100-44-7",126.5853
"935","7758-89-6",98.999
"936","2255-17-6",261.1707
"937","99129-21-2",NA
"938","1399-80-0",NA
"939","7783-35-9",296.6476
"940","2008-58-4",190.0286
"941","54-21-7",160.1045
"942","78-79-5",68.1182
"943","57837-19-1",279.3352
"944","71-41-0",88.1492
"945","149-31-5",118.1754
"946","15545-48-9",212.6785
"947","8022-00-2",460.5529
"948","3772-55-2",286.4564
"949","3942-54-9",185.6097
"950","74051-80-2",NA
"951","102851-06-9",502.9196
"952","106-44-5",108.1396
"953","1192-52-5",187.0584
"954","759-94-4",189.3152
"955","529-19-1",117.15
"956","95-75-0",161.0304
"957","108-46-3",110.1122
"958","99-11-6",155.1098
"959","57-06-7",99.1502
"960","2163-79-3",222.3296
"961","2227-13-6",324.0514
"962","7696-12-0",331.4108
"963","66-25-1",100.1602
"964","7553-56-2",253.809
"965","68359-37-5",434.2935
"966","39300-45-3",NA
"967","1310-53-8",104.5888
"968","20354-26-1",261.064
"969","7446-14-2",303.2576
"970","107-21-1",62.0682
"971","74-59-9",319.3117
"972","91-22-5",129.161
"973","8007-45-2",NA
"974","115-20-8",149.4041
"975","55427-94-6",NA
"976","1319-77-3",108.1396
"977","95-57-8",128.5579
"978","2487-90-3",121.1883
"979","107-27-7",265.1045
"980","17372-87-1",691.8599
"981","471-74-9",302.4558
"982","115-31-1",253.3586
"983","493-52-7",269.3024
"984","74222-97-2",364.3752
"985","1066-33-7",346.8642
"986","634-67-3",196.4633
"987","108-20-3",102.176
"988","68814-95-9",395.754
"989","10141-00-1",499.3916
"990","554-13-2",73.8912
"991","2764-72-9",184.2402
"992","109-99-9",72.1066
"993","109-07-9",100.1632
"994","33245-39-5",355.7006
"995","95144-24-4",255.7467
"996","41814-78-2",189.2344
"997","127-79-7",264.3014
"998","886-50-0",241.3536
"999","39450-05-0",NA
"1000","8003-42-7",NA
"1001","7681-49-4",41.9882
"1002","74-90-8",27.0256
"1003","2795-39-3",538.217
"1004","12427-38-2",265.2828
"1005","75-98-9",102.1328
"1006","1570-64-5",142.5847
"1007","7664-93-9",98.0734
"1008","962-58-3",288.2827
"1009","1484-13-5",193.2476
"1010","10124-37-5",164.0898
"1011","26761-40-0",446.669
"1012","2051-60-7",188.6561
"1013","23184-66-9",311.8509
"1014","65071-95-6",NA
"1015","935-95-5",231.8932
"1016","959-98-8",406.9226
"1017","111812-58-9",421.495
"1018","1962-75-0",278.3474
"1019","10112-91-1",472.086
"1020","8005-72-9",NA
"1021","40596-69-8",310.4758
"1022","13718-26-8",121.9294
"1023","7773-01-5",197.9048
"1024","68608-15-1",NA
"1025","7429-90-5",26.9815
"1026","6923-22-4",223.1651
"1027","2425-10-7",179.2182
"1028","29118-87-4",201.2428
"1029","71-55-6",133.4047
"1030","25655-41-8",364.9522
"1031","92-52-4",154.211
"1032","127289-72-9",NA
"1033","108-68-9",122.1664
"1034","56348-39-1",206.4038
"1035","17109-49-8",310.3651
"1036","24151-93-7",353.4739
"1037","176022-82-5",NA
"1038","634-90-2",215.8938
"1039","96-18-4",147.4315
"1040","107-07-3",80.5139
"1041","2461-15-6",186.2936
"1042","15498-87-0",172.9377
"1043","1825-21-4",280.3651
"1044","177256-69-8",NA
"1045","786-19-6",342.853
"1046","479-45-8",287.1452
"1047","3244-90-4",378.4177
"1048","5610-64-0",1466.1515
"1049","2259-85-0",187.2814
"1050","66841-25-6",665.013
"1051","1983-10-4",309.0337
"1052","1773-89-3",416.8998
"1053","1184-57-2",232.632
"1054","25306-75-6",173.2432
"1055","96-09-3",120.1506
"1056","123-88-6",295.1307
"1057","1204-21-3",259.0991
"1058","543-21-5",112.0878
"1059","83657-22-1",291.7797
"1060","482-89-3",262.2672
"1061","3689-24-5",322.3105
"1062","140-90-9",144.1817
"1063","107-47-1",146.2902
"1064","114369-43-6",336.8231
"1065","5437-45-6",229.0729
"1066","13472-45-2",293.8271
"1067","118-79-6",330.8011
"1068","116-29-0",356.0502
"1069","107-15-3",60.0986
"1070","150-78-7",138.1658
"1071","1126-46-1",170.5951
"1072","5377-20-8",230.2658
"1073","7778-18-9",136.1376
"1074","147-24-0",291.8199
"1075","15281-91-1",236.5861
"1076","87674-68-8",275.7927
"1077","68585-47-7",318.4463
"1078","71751-41-2",1732.15
"1079","7722-84-1",34.0146
"1080","92-04-6",204.6555
"1081","1836-75-5",284.0982
"1082","39429-71-5",NA
"1083","609-23-4",471.8026
"1084","500008-45-7",NA
"1085","122548-33-8",412.8069
"1086","576-24-9",163.003
"1087","29761-21-5",390.4583
"1088","2235-25-8",326.6387
"1089","22296-58-8",180.2462
"1090","69806-50-4",383.3665
"1091","137-30-4",305.7942
"1092","2312-76-7",220.1167
"1093","34364-42-6",444.4659
"1094","139-40-2",229.7119
"1095","11100-14-4",NA
"1096","1689-84-5",276.9148
"1097","76578-14-8",372.8073
"1098","2039-46-5",245.7053
"1099","55814-41-0",269.3426
"1100","132-27-4",192.1923
"1101","29091-21-2",350.2969
"1102","12002-03-8",1013.7954
"1103","2150-47-2",168.1488
"1104","608-93-5",250.3389
"1105","86479-06-3",461.1472
"1106","1326-82-5",NA
"1107","173159-57-4",452.441
"1108","15263-52-2",273.7953
"1109","13548-38-4",238.0107
"1110","655-76-5",239.2454
"1111","615-67-8",144.5573
"1112","10196-04-0",116.1348
"1113","12774-30-0",NA
"1114","22936-86-3",227.6961
"1115","96300-95-7",716.7461
"1116","75-96-7",295.7328
"1117","4680-78-8",690.8031
"1118","589-16-2",121.1816
"1119","8015-35-8",476.5243
"1120","33820-53-0",309.3644
"1121","95-53-4",107.1548
"1122","33813-20-6",176.269
"1123","523-44-4",350.3237
"1124","3765-57-9",348.0276
"1125","80-33-1",303.1594
"1126","590-28-3",81.1151
"1127","533-74-4",162.2674
"1128","1929-88-0",207.2496
"1129","172520-99-9",NA
"1130","33213-65-9",406.9226
"1131","64-19-7",60.0524
"1132","108-10-1",100.1602
"1133","108066-01-9",NA
"1134","13684-63-4",300.3134
"1135","7778-80-5",174.2536
"1136","31557-34-3",212.4627
"1137","64359-81-5",282.2274
"1138","95-47-6",106.167
"1139","21548-73-2",248.8039
"1140","65431-33-6",NA
"1141","112-12-9",170.2942
"1142","2303-17-5",304.6615
"1143","95-48-7",108.1396
"1144","7440-41-7",9.0122
"1145","1746-01-6",321.9744
"1146","13772-16-2",NA
"1147","85-70-1",336.384
"1148","301-12-2",246.2759
"1149","23060-14-2",NA
"1150","8004-87-3",358.5053
"1151","13943-58-3",368.3452
"1152","140-56-7",251.2351
"1153","1317-36-8",223.1994
"1154","563-68-8",263.4145
"1155","14437-17-3",233.0938
"1156","66215-27-8",166.1852
"1157","95465-99-9",270.3843
"1158","22212-55-1",366.2432
"1159","13171-00-1",244.376
"1160","75-15-0",76.131
"1161","107-05-1",76.5255
"1162","13121-70-5",386.1639
"1163","64742-47-8",NA
"1164","8046-53-5",NA
"1165","111-40-0",103.1668
"1166","95-13-6",116.1622
"1167","3179-90-6",358.35
"1168","58798-67-7",NA
"1169","2702-72-9",243.0215
"1170","54-11-5",162.234
"1171","91-65-6",155.2826
"1172","583-78-8",163.003
"1173","74871-33-3",NA
"1174","110-00-9",68.075
"1175","67167-02-6",NA
"1176","37853-59-1",687.64
"1177","15922-78-8",149.1425
"1178","33878-50-1",366.2432
"1179","3351-05-1",681.6473
"1180","2437-79-8",291.9914
"1181","86-40-8",259.7377
"1182","7779-27-3",171.285
"1183","17599-81-4",223.1496
"1184","13464-37-4",191.8891
"1185","69377-81-7",255.0325
"1186","54847-85-7",NA
"1187","543-90-8",230.499
"1188","464-49-3",152.2358
"1189","53826-12-3",NA
"1190","1096-84-0",300.3562
"1191","135158-54-2",210.2682
"1192","203313-25-1",NA
"1193","2528-38-3",308.3971
"1194","94-96-2",146.229
"1195","26225-79-6",286.3422
"1196","77182-82-2",198.1583
"1197","89-98-5",140.5689
"1198","645-56-7",136.1932
"1199","944-22-9",246.3217
"1200","29245-51-0",209.1178
"1201","52508-35-7",296.2519
"1202","10141-05-6",182.943
"1203","19666-30-9",345.2248
"1204","630-20-6",167.8498
"1205","658066-35-4",NA
"1206","213464-77-8",NA
"1207","7440-48-4",58.9332
"1208","121-87-9",172.5707
"1209","1836-77-7",318.5433
"1210","128-58-5",516.5516
"1211","20856-57-9",336.4321
"1212","13306-69-9",247.2483
"1213","104653-34-1",539.4855
"1214","66441-23-4",361.7811
"1215","24980-59-4",NA
"1216","7447-41-8",42.394
"1217","133-90-4",206.028
"1218","110-40-7",258.357
"1219","7440-33-7",183.85
"1220","2455-24-5",170.2078
"1221","244094-39-1",NA
"1222","4824-78-6",394.0468
"1223","85264-33-1",126.1578
"1224","577-11-7",444.5579
"1225","106-49-0",107.1548
"1226","311-45-5",275.1975
"1227","19826-60-9",NA
"1228","581-64-6",263.7441
"1229","62924-70-3",421.7351
"1230","99-52-5",152.1524
"1231","3060-89-7",259.1021
"1232","153719-23-4",291.7117
"1233","122836-35-5",387.1878
"1234","123343-16-8",348.7358
"1235","23505-21-7",205.0432
"1236","51092-74-1",NA
"1237","7786-30-3",95.211
"1238","624-92-0",94.1894
"1239","1461-15-0",622.541
"1240","25267-15-6",411.7972
"1241","70896-08-1",NA
"1242","557-34-6",183.469
"1243","957-51-7",239.3164
"1244","82-71-3",245.105
"1245","21725-46-2",240.6949
"1246","1338-24-5",170.251
"1247","1303-96-4",381.3673
"1248","999-81-5",158.0704
"1249","120-32-1",218.6823
"1250","93106-60-6",359.3995
"1251","518-47-8",376.2755
"1252","1634-78-2",314.2897
"1253","1401-55-4",1701.2192
"1254","4478-93-7",177.279
"1255","75022-22-9",NA
"1256","68694-11-1",345.7512
"1257","319-85-7",290.8314
"1258","77-58-7",631.5452
"1259","109-06-8",93.128
"1260","3572-06-3",206.2408
"1261","10049-04-4",67.4518
"1262","99-55-8",152.1524
"1263","108-62-3",176.212
"1264","150-19-6",124.139
"1265","51158-18-0",NA
"1266","821-55-6",142.2406
"1267","17439-94-0",NA
"1268","10361-37-2",208.246
"1269","4460-86-0",196.2024
"1270","56896-68-5",NA
"1271","36362-09-1",253.8729
"1272","115326-86-8",NA
"1273","67485-29-4",494.4818
"1274","10350-81-9",426.7723
"1275","50-65-7",327.1232
"1276","6317-18-6",130.1822
"1277","62-76-0",133.9991
"1278","13366-73-9",380.9126
"1279","5813-64-9",87.1644
"1280","122-11-2",310.327
"1281","3815-21-2",NA
"1282","14255-88-0",375.1337
"1283","629-25-4",222.3023
"1284","29804-22-6",282.5086
"1285","112-27-6",150.1742
"1286","529-20-4",120.1506
"1287","7681-82-5",149.8943
"1288","78-32-0",368.3683
"1289","52722-38-0",154.6393
"1290","95-88-5",144.5573
"1291","79-34-5",167.8498
"1292","7775-19-1",65.7986
"1293","35554-44-0",297.1834
"1294","2051-62-9",188.6561
"1295","31431-39-7",295.297
"1296","98-86-2",120.1506
"1297","2631-40-5",193.245
"1298","1085-98-9",333.2225
"1299","123-86-4",116.1596
"1300","99-61-6",151.1214
"1301","122-66-7",184.2402
"1302","109-46-6",188.3304
"1303","87-61-6",181.4487
"1304","1471-17-6",256.3412
"1305","592-85-8",511.0968
"1306","16485-47-5",354.0745
"1307","106-69-4",134.1748
"1308","7778-73-6",304.4284
"1309","8030-78-2",NA
"1310","104040-78-0",407.3235
"1311","14788-97-7",312.853
"1312","2782-70-9",404.4483
"1313","8003-19-8",NA
"1314","104-88-1",140.5689
"1315","78-97-7",71.0786
"1316","66-76-2",NA
"1317","75-64-9",73.1376
"1318","68085-85-8",449.8562
"1319","7439-98-7",95.96
"1320","124495-18-7",308.1387
"1321","86-57-7",173.1708
"1322","98-73-7",178.2304
"1323","57754-85-5",253.0846
"1324","173584-44-6",527.8404
"1325","333-18-6",133.0204
"1326","96-33-3",86.0902
"1327","6361-21-3",185.5665
"1328","14124-68-6",142.9576
"1329","25322-68-3",62.0682
"1330","28382-15-2",151.1858
"1331","7076-53-1",311.1165
"1332","51158-21-5",NA
"1333","80-46-6",164.2468
"1334","6753-47-5",432.7307
"1335","175013-18-0",387.8219
"1336","3066-71-5",154.2084
"1337","106-40-1",172.0241
"1338","51-52-5",170.2288
"1339","35832-11-2",342.6521
"1340","105-75-9",228.2876
"1341","5124-25-4",369.3942
"1342","7783-90-6",143.321
"1343","131-92-0",665.6602
"1344","37680-73-2",326.4365
"1345","31512-74-0",NA
"1346","2866-43-5",318.3492
"1347","51596-11-3",542.7112
"1348","111-13-7",128.2138
"1349","27355-22-2",271.9146
"1350","64-17-5",46.0688
"1351","2437-25-4",181.3204
"1352","11100-04-2",NA
"1353","62-75-9",74.0822
"1354","24544-04-5",177.2888
"1355","2051-61-8",188.6561
"1356","124-11-8",126.2412
"1357","1317-38-0",79.5454
"1358","7447-40-7",74.551
"1359","9005-66-7",522.675
"1360","107-41-5",118.1754
"1361","23422-53-9",257.7193
"1362","50-30-6",191.0134
"1363","6484-52-2",80.0432
"1364","127289-71-8",NA
"1365","108-91-8",99.1754
"1366","1067-14-7",329.8375
"1367","96-22-0",86.1334
"1368","10293-06-8",231.1319
"1369","600-36-2",116.2028
"1370","2539-17-5",261.9194
"1371","53042-79-8",280.4496
"1372","105-54-4",116.1596
"1373","113032-51-2",NA
"1374","12715-61-6",807.674
"1375","123-66-0",144.2132
"1376","172520-93-3",NA
"1377","101-21-3",213.6633
"1378","144-21-8",183.934
"1379","143390-89-0",313.3524
"1380","1344-81-6",74.1558
"1381","120-94-5",85.1486
"1382","7631-89-2",163.9248
"1383","2832-40-8",269.3024
"1384","96352-69-1",NA
"1385","3567-25-7",544.1681
"1386","23504-07-6",218.2548
"1387","51580-86-0",255.9775
"1388","65-85-0",122.1232
"1389","619-15-8",182.1354
"1390","140-57-8",334.8573
"1391","314-40-9",261.1179
"1392","11113-60-3",NA
"1393","14380-61-1",51.4524
"1394","137-42-8",129.1701
"1395","127-91-3",136.2364
"1396","532-32-1",144.1051
"1397","109-89-7",73.1376
"1398","109-86-4",76.095
"1399","108-69-0",121.1816
"1400","3184-65-4",240.6642
"1401","628-92-2",96.1718
"1402","3064-70-8",300.7988
"1403","119-06-2",530.8298
"1404","81591-81-3",245.2299
"1405","109-73-9",73.1376
"1406","2436-93-3",157.2146
"1407","7757-83-7",252.1441
"1408","6164-98-3",196.6791
"1409","53763-47-6",NA
"1410","131-11-3",194.1866
"1411","79-19-6",91.1306
"1412","126833-17-8",302.1998
"1413","63935-38-6",482.3622
"1414","94-11-1",263.12
"1415","99-09-2",138.1256
"1416","51384-51-1",267.3674
"1417","106-42-3",106.167
"1418","5331-91-9",201.6883
"1419","1761-61-1",201.0193
"1420","3271-76-9",449.4644
"1421","160759-29-5",NA
"1422","101-55-3",249.1065
"1423","132-64-9",168.1946
"1424","110-65-6",86.0902
"1425","75602-99-2",NA
"1426","68439-50-9",NA
"1427","14025-21-9",399.5729
"1428","140-38-5",170.5981
"1429","114247-06-2",NA
"1430","135410-20-7",222.6767
"1431","95-14-7",119.1256
"1432","128-44-9",205.1633
"1433","357-57-3",394.4694
"1434","471-77-2",302.4558
"1435","13150-00-0",420.5359
"1436","24017-47-8",313.3105
"1437","51218-49-6",311.8509
"1438","56863-92-4",NA
"1439","219714-96-2",483.3691
"1440","6062-26-6",250.6568
"1441","34643-46-4",345.2381
"1442","79-94-7",543.8746
"1443","99-99-0",137.1378
"1444","86-87-3",186.2098
"1445","96-24-2",110.5401
"1446","6623-41-2",137.181
"1447","14220-17-8",240.9602
"1448","7558-80-7",NA
"1449","13311-84-7",276.2147
"1450","118134-30-8",297.48
"1451","97-02-9",183.1232
"1452","9005-64-5",522.675
"1453","1763-23-1",500.1269
"1454","5141-20-8",792.8431
"1455","58561-66-3",NA
"1456","33089-61-1",293.4108
"1457","111988-49-9",252.7209
"1458","67-68-5",78.1288
"1459","330-93-8",206.1914
"1460","2533-82-6",122.0163
"1461","50723-80-3",262.2583
"1462","7646-79-9",129.8392
"1463","100-47-0",103.1232
"1464","5835-26-7",302.4558
"1465","123-72-8",72.1066
"1466","623-25-6",175.0572
"1467","76-03-9",163.3877
"1468","57057-83-7",227.4743
"1469","3380-34-5",289.5451
"1470","39456-51-4",NA
"1471","25637-99-4",641.6982
"1472","90-02-8",122.1232
"1473","137-88-2",315.2448
"1474","8070-47-1",NA
"1475","53572-61-5",NA
"1476","35572-78-2",197.15
"1477","7785-70-8",136.2364
"1478","42200-33-9",309.4046
"1479","82657-04-3",422.8738
"1480","4403-90-1",622.5741
"1481","13071-11-9",295.8083
"1482","149979-41-9",NA
"1483","14244-62-3",247.6468
"1484","28300-74-5",667.854
"1485","1762-95-4",76.116
"1486","7631-95-0",205.9371
"1487","7166-19-0",228.0449
"1488","100-56-1",313.1485
"1489","83-41-0",151.1646
"1490","87-17-2",213.2354
"1491","2491-38-5",215.0461
"1492","3428-24-8",179.0024
"1493","25311-71-1",345.3927
"1494","1031-07-8",422.922
"1495","57017-81-9",NA
"1496","2626-83-7",207.2718
"1497","127-09-3",82.0343
"1498","51707-55-2",220.2484
"1499","106-24-1",154.2516
"1500","93-78-7",297.5651
"1501","2556-42-5",352.6286
"1502","57-15-8",177.4577
"1503","97-17-6",315.1507
"1504","86-30-6",198.2238
"1505","374726-62-2",NA
"1506","66267-77-4",419.9067
"1507","10099-58-8",371.3709
"1508","13863-41-7",115.357
"1509","602-01-7",182.1354
"1510","14321-27-8",135.2084
"1511","100-97-0",140.1876
"1512","119-34-6",154.125
"1513","119-12-0",340.3331
"1514","8002-65-1",NA
"1515","52756-25-9",335.7618
"1516","129-09-9",474.5508
"1517","1770-80-5",501.0606
"1518","75-97-8",100.1602
"1519","123-30-8",109.1274
"1520","64-02-8",380.1725
"1521","497-19-8",105.9887
"1522","56996-99-7",NA
"1523","16245-79-7",205.3424
"1524","86-73-7",166.222
"1525","57-92-1",581.5788
"1526","596-85-0",290.488
"1527","122467-32-7",NA
"1528","140-88-5",100.117
"1529","84087-01-4",242.061
"1530","93-65-2",214.6481
"1531","131341-86-1",248.1884
"1532","123-07-9",122.1664
"1533","1310-58-3",56.1053
"1534","101-42-8",164.2066
"1535","287962-26-9",NA
"1536","88-99-3",166.133
"1537","831-82-3",186.2098
"1538","69806-34-4",383.6863
"1539","34723-82-5",179.0563
"1540","96489-71-3",364.9323
"1541","82097-50-5",401.8239
"1542","7783-28-0",132.0559
"1543","198697-58-4",NA
"1544","79622-59-6",465.0954
"1545","2234-13-1",403.734
"1546","13473-90-0",375.133
"1547","723-46-6",253.2752
"1548","95-55-6",109.1274
"1549","108-85-0",163.0569
"1550","306-67-2",348.1858
"1551","1014-70-6",213.3
"1552","6988-21-2",223.228
"1553","108-99-6",93.128
"1554","804-63-7",746.917
"1555","533-23-3",249.0932
"1556","91-57-6",142.2
"1557","110-56-5",127.0132
"1558","3441-14-3",NA
"1559","463-56-9",59.0856
"1560","11126-43-5",NA
"1561","7440-61-1",238.029
"1562","66455-14-9",NA
"1563","2437-29-8",927.0182
"1564","287967-90-2",NA
"1565","111-77-3",120.148
"1566","13444-72-9",150.9956
"1567","56996-88-4",NA
"1568","91-23-6",153.1372
"1569","148477-71-8",411.3242
"1570","1317-37-9",87.907
"1571","7705-08-0",162.206
"1572","3240-78-6",NA
"1573","141776-32-1",470.4742
"1574","4104-14-7",375.2087
"1575","2475-46-9",296.325
"1576","3653-48-3",222.6032
"1577","1314-87-0",241.2758
"1578","109-79-5",90.183
"1579","140-93-2",158.2085
"1580","90982-32-4",414.8197
"1581","8065-75-6",92.1436
"1582","117337-19-6",403.8732
"1583","106-93-4",187.8616
"1584","632-99-5",337.8511
"1585","89-61-2",192.0012
"1586","83055-99-6",410.4008
"1587","63148-53-8",NA
"1588","10042-91-8",265.9024
"1589","1314-98-3",97.44
"1590","57966-95-7",198.181
"1591","55-37-8",292.3473
"1592","23135-22-0",219.258
"1593","35723-83-2",564.0756
"1594","61791-24-0",NA
"1595","2569-01-9",370.229
"1596","27986-36-3",264.407
"1597","58-36-6",502.2318
"1598","64036-43-7",181.27
"1599","5989-27-5",136.2364
"1600","121-57-3",173.1862
"1601","8063-52-3",715.0059
"1602","583-57-3",112.2144
"1603","22473-78-5",360.3666
"1604","8003-69-8",908.774
"1605","67-43-6",393.3498
"1606","14402-75-6",294.6768
"1607","1338-02-9",402.0322
"1608","39145-47-6",249.6531
"1609","4916-57-8",184.2402
"1610","12642-23-8",NA
"1611","1929-77-7",203.342
"1612","67-63-0",60.0956
"1613","58-08-2",194.1926
"1614","2610-05-1",992.7933
"1615","319-86-8",290.8314
"1616","1303-33-9",108.9974
"1617","112-30-1",158.2832
"1618","2894-51-1",231.6811
"1619","94361-06-5",291.7797
"1620","80209-54-7",NA
"1621","70903-51-4",NA
"1622","603-83-8",152.1524
"1623","693-21-0",196.1164
"1624","99-93-4",136.15
"1625","63798-36-7",NA
"1626","77458-01-6",360.7946
"1627","223671-69-0",NA
"1628","88671-89-0",288.7791
"1629","81741-28-8",435.1552
"1630","61949-76-6",391.2932
"1631","127-27-5",302.4558
"1632","89072-60-6",NA
"1633","85-69-8",334.4546
"1634","2312-73-4",309.37
"1635","3214-47-9",956.8061
"1636","97-00-7",202.5537
"1637","7722-88-5",265.9024
"1638","2818-16-8",307.6016
"1639","141-66-2",237.1919
"1640","636-30-6",196.4633
"1641","93-89-0",150.1768
"1642","1600-27-7",318.679
"1643","10380-28-6",351.851
"1644","11141-16-5",NA
"1645","25057-89-0",240.2764
"1646","1982-49-6",232.3248
"1647","3347-22-6",296.3178
"1648","584-08-7",138.2052
"1649","155569-91-8",1008.2536
"1650","108-93-0",100.1602
"1651","98-55-5",154.2516
"1652","181314-95-4",NA
"1653","59-87-0",198.1378
"1654","110-54-3",86.1766
"1655","107-92-6",88.106
"1656","606-20-2",182.1354
"1657","26787-78-0",419.4488
"1658","50471-44-8",286.114
"1659","3309-68-0",274.3907
"1660","205-39-0",218.2544
"1661","81-19-6",229.9206
"1662","464-48-2",152.2358
"1663","75-57-0",109.5985
"1664","2016-57-1",157.2984
"1665","1024-57-3",389.3199
"1666","1837-57-6",343.3816
"1667","90-13-1",162.6183
"1668","21689-84-9",252.3366
"1669","25167-83-3",231.8932
"1670","544-25-2",92.1402
"1671","622-45-7",142.1974
"1672","555-89-5",269.1268
"1673","2275-14-1",377.2981
"1674","61789-28-4",NA
"1675","210631-68-8",NA
"1676","55-18-5",102.1358
"1677","73989-17-0",818.997
"1678","109-85-3",75.1102
"1679","24307-26-4",149.6631
"1680","120-93-4",86.0932
"1681","534-52-1",198.1348
"1682","454-89-7",174.1221
"1683","3260-87-5",142.5847
"1684","240494-70-6",360.3478
"1685","573-58-0",696.6619
"1686","66523-56-6",NA
"1687","2706-90-3",264.0473
"1688","112410-23-8",352.4754
"1689","126-11-4",151.1188
"1690","2870-32-8",680.6569
"1691","626-43-7",162.0182
"1692","70362-50-4",291.9914
"1693","163269-30-5",NA
"1694","2244-21-5",236.0553
"1695","5103-71-9",409.7814
"1696","117-18-0",260.8914
"1697","379-52-2",369.0049
"1698","6834-92-0",122.0637
"1699","973-21-7",326.3054
"1700","13701-59-2",180.1488
"1701","55179-31-2",337.4206
"1702","5292-45-5",239.1842
"1703","42509-83-1",285.6848
"1704","619-50-1",181.1476
"1705","119-61-9",182.2214
"1706","72-57-1",960.7945
"1707","287958-94-5",NA
"1708","955-83-9",220.2702
"1709","134098-61-6",421.495
"1710","2317-24-0",383.6985
"1711","15457-05-3",328.2039
"1712","77-78-1",126.127
"1713","100-01-6",138.1256
"1714","85409-17-2",NA
"1715","56296-78-7",345.7914
"1716","13597-99-4",133.022
"1717","28680-45-7",335.2717
"1718","6575-09-3",151.5951
"1719","188489-07-8",408.7363
"1720","68439-49-6",NA
"1721","13231-90-8",336.229
"1722","14088-71-2",293.192
"1723","32598-13-3",291.9914
"1724","80-00-2",252.7149
"1725","144550-36-7",529.2409
"1726","329-71-5",184.108
"1727","28407-37-6",1091.8317
"1728","75-86-5",85.1054
"1729","1320-07-6",448.4279
"1730","69723-94-0",249.2838
"1731","920-66-1",168.0386
"1732","112-80-1",282.4654
"1733","172521-44-7",NA
"1734","584-84-9",174.1586
"1735","51312-24-4",236.043
"1736","76-01-7",202.2949
"1737","68783-78-8",NA
"1738","24934-91-6",234.6954
"1739","3096-70-6",137.181
"1740","1689-82-3",198.2238
"1741","96-45-7",102.1538
"1742","80-52-4",170.2972
"1743","172521-59-4",NA
"1744","104-55-2",132.1616
"1745","1757-18-2",375.6336
"1746","56-36-0",349.0798
"1747","3337-71-1",230.238
"1748","590-66-9",112.2144
"1749","142459-58-3",363.3292
"1750","87-90-1",232.4103
"1751","1698-60-8",221.6457
"1752","2593-15-9",247.5263
"1753","25319-80-6",NA
"1754","77-74-7",102.176
"1755","110-62-3",86.1334
"1756","317815-83-1",NA
"1757","18268-76-3",186.5945
"1758","4920-77-8",153.1372
"1759","9005-67-8",522.675
"1760","610-39-9",182.1354
"1761","39362-29-3",NA
"1762","2655-14-3",179.2182
"1763","69409-94-5",502.9196
"1764","57017-80-8",NA
"1765","693-54-9",156.2674
"1766","145-73-3",230.1277
"1767","25322-20-7",NA
"1768","7775-27-1",238.0947
"1769","16423-68-0",879.8619
"1770","98967-40-9",325.2922
"1771","477-73-6",350.8499
"1772","1461-25-2",347.1504
"1773","2492-26-4",189.2251
"1774","76824-35-6",337.4322
"1775","127-19-5",87.1212
"1776","2787-91-9",403.9509
"1777","693-65-2",158.2832
"1778","61912-87-6",NA
"1779","141-05-9",172.1804
"1780","59669-26-0",354.4566
"1781","2595-54-2",329.3655
"1782","107-11-9",57.095
"1783","95-94-3",215.8938
"1784","187166-40-1",NA
"1785","78-27-3",124.1822
"1786","82558-50-7",332.3986
"1787","446-52-6",124.1143
"1788","28343-61-5",247.4677
"1789","510-15-6",325.1908
"1790","60018-95-3",729.7362
"1791","111-46-6",106.1212
"1792","103-11-7",184.2778
"1793","5902-51-2",216.6669
"1794","63513-77-9",NA
"1795","138757-75-2",NA
"1796","78-92-2",74.1224
"1797","15311-99-6",NA
"1798","50-32-8",252.3148
"1799","109-65-9",137.0191
"1800","4189-47-3",197.0283
"1801","5871-17-0",170.1629
"1802","95-52-3",110.1307
"1803","22726-00-7",200.0345
"1804","63-05-8",286.4132
"1805","131860-33-8",403.3934
"1806","53763-77-2",NA
"1807","7446-20-0",287.544
"1808","99-03-6",135.1652
"1809","129909-90-6",241.2924
"1810","598-16-3",264.7419
"1811","541-09-3",426.163
"1812","4726-14-1",345.3696
"1813","18259-05-7",326.4365
"1814","107-12-0",55.0792
"1815","10124-43-3",281.0972
"1816","528-29-0",168.1086
"1817","66829-05-8",NA
"1818","111-78-4",108.1828
"1819","59-97-2",196.6791
"1820","87-65-0",163.003
"1821","110488-70-5",387.8621
"1822","125116-23-6",319.8333
"1823","768-94-5",151.251
"1824","8067-98-9",607.5815
"1825","121-69-7",121.1816
"1826","76703-65-6",449.8562
"1827","28159-98-0",253.3646
"1828","172520-90-0",NA
"1829","55512-33-9",378.9159
"1830","81412-43-3",297.5232
"1831","141-79-7",98.1444
"1832","7727-21-1",270.3112
"1833","14025-15-1",399.7547
"1834","64-00-6",193.245
"1835","53763-29-4",NA
"1836","65-30-5",422.5414
"1837","6369-97-7",300.5687
"1838","297-78-9",411.754
"1839","68157-60-8",247.6835
"1840","1404-04-2",712.7222
"1841","131807-57-3",374.3952
"1842","11071-15-1",NA
"1843","5600-21-5",143.5755
"1844","95-92-1",146.1426
"1845","5567-15-7",818.4962
"1846","141-97-9",130.1432
"1847","14762-38-0",223.2742
"1848","111-44-4",143.0126
"1849","335104-84-2",NA
"1850","555-16-8",151.1214
"1851","83-34-1",131.1768
"1852","75-07-0",44.053
"1853","136-45-8",251.2816
"1854","72026-99-4",NA
"1855","107-18-6",58.0798
"1856","95737-68-1",321.375
"1857","16079-88-2",241.4716
"1858","2636-26-2",243.2167
"1859","591-21-9",112.2144
"1860","95686-19-4",NA
"1861","700-58-3",150.22
"1862","9012-76-4",1526.4666
"1863","1568-83-8",256.3438
"1864","5015-75-8",260.0575
"1865","27304-13-8",423.765
"1866","15096-52-3",NA
"1867","25366-23-8",240.2027
"1868","138789-81-8",NA
"1869","122931-48-0",431.4376
"1870","84-69-5",278.3474
"1871","97886-45-8",401.4089
"1872","8012-95-1",NA
"1873","58657-34-4",231.1877
"1874","6393-42-6",197.15
"1875","56634-95-8",389.086
"1876","79-43-6",128.9426
"1877","96-91-3",199.1226
"1878","30525-89-4",30.0262
"1879","633-96-5",NA
"1880","33972-75-7",193.8015
"1881","16903-35-8",356.8168
"1882","111-68-2",115.218
"1883","15307-86-5",296.1524
"1884","16879-02-0",129.5457
"1885","5598-52-7",306.4694
"1886","4299-07-4",NA
"1887","111-91-1",173.0388
"1888","112-42-5",172.31
"1889","13674-87-8",430.9069
"1890","29878-31-7",133.1524
"1891","951-42-8",241.6767
"1892","13721-39-6",183.9083
"1893","540-59-0",96.9438
"1894","287967-96-8",NA
"1895","82560-54-1",410.5274
"1896","829-26-5",170.2536
"1897","95-70-5",195.0912
"1898","4208-80-4",372.8937
"1899","57055-38-6",334.8851
"1900","650-51-1",185.3696
"1901","13516-27-3",355.5688
"1902","945-51-7",202.2704
"1903","42454-06-8",167.1208
"1904","27519-02-4",322.6164
"1905","143-16-8",185.352
"1906","644-64-4",240.2614
"1907","1345-25-1",71.8464
"1908","10463-14-6",335.2266
"1909","4253-89-8",150.2966
"1910","6441-77-6",792.9666
"1911","3251-29-4",NA
"1912","53404-62-9",262.3722
"1913","122-10-1",282.1865
"1914","140-79-4",144.1328
"1915","5138-93-2",NA
"1916","151-56-4",43.0682
"1917","371-40-4",111.1185
"1918","119-38-0",211.2632
"1919","127-08-2",98.1425
"1920","7440-39-3",137.34
"1921","1570-65-6",177.0298
"1922","131983-72-7",317.8175
"1923","14644-61-2",283.3352
"1924","4342-36-3",411.1506
"1925","2961-62-8",392.8977
"1926","95751-97-6",NA
"1927","105-55-5",132.2232
"1928","33629-47-9",295.3376
"1929","128-04-1",143.1969
"1930","15773-35-0",NA
"1931","103361-09-7",354.3369
"1932","58561-88-9",NA
"1933","623-37-0",102.176
"1934","574-64-1",1002.7821
"1935","66063-05-6",328.8407
"1936","598-63-0",267.2092
"1937","1317-39-1",145.1072
"1938","7727-54-0",228.1918
"1939","66594-34-1",NA
"1940","297-97-2",248.2361
"1941","35597-43-4",323.2851
"1942","109-60-4",102.1328
"1943","50-73-7",224.4506
"1944","102-69-2",143.2716
"1945","79-20-9",74.0792
"1946","5465-65-6",199.5933
"1947","51892-26-3",239.1006
"1948","71561-11-0",403.264
"1949","80324-43-2",419.3156
"1950","56863-88-8",NA
"1951","122453-73-0",407.6169
"1952","368-77-4",171.1215
"1953","26155-31-7",370.4196
"1954","60168-88-9",331.2006
"1955","35691-65-7",265.9348
"1956","497-37-0",112.1712
"1957","5673-07-4",152.1926
"1958","133855-98-8",329.7606
"1959","583-60-8",112.1712
"1960","7745-89-3",178.0608
"1961","137-40-6",96.0611
"1962","201305-50-2",NA
"1963","1333-73-9",127.7775
"1964","1912-26-1",229.7119
"1965","2446-69-7",178.2736
"1966","140-31-8",129.2046
"1967","18181-70-9",412.9937
"1968","71379-75-4",NA
"1969","928-96-1",100.1602
"1970","98-88-4",140.5689
"1971","14938-35-3",164.2468
"1972","11126-42-4",540.3145
"1973","57-24-9",334.417
"1974","10431-47-7",205.1542
"1975","75-39-8",61.0834
"1976","767-00-0",119.1226
"1977","68514-95-4",NA
"1978","22248-79-9",365.9645
"1979","42399-41-7",414.5184
"1980","2362-61-0",176.2578
"1981","100-10-7",149.192
"1982","132-66-1",291.3056
"1983","13457-18-6",373.3629
"1984","11067-82-6",1045.4252
"1985","133-11-9",229.2348
"1986","22898-01-7",168.0231
"1987","12222-60-5",1333.0748
"1988","27854-31-5",NA
"1989","77466-83-2",NA
"1990","2610-11-9",675.5973
"1991","319925-56-9",NA
"1992","122454-29-9",349.5371
"1993","79-95-8",366.0706
"1994","3481-20-7",230.9084
"1995","7758-02-3",119.002
"1996","330-95-0",426.3878
"1997","3051-11-4",624.5497
"1998","60-41-3",766.9074
"1999","1014-69-3",213.3
"2000","7601-89-0",NA
"2001","654-66-0",NA
"2002","632-22-4",NA
"2003","613-45-6",NA
"2004","172521-26-5",NA
"2005","124-04-9",146.1426
"2006","5746-17-8",273.1565
"2007","640-19-7",77.0581
"2008","57157-80-9",381.7272
"2009","97-74-5",208.3542
"2010","111-83-1",193.1263
"2011","68534-58-7",NA
"2012","56996-66-8",NA
"2013","299-85-4",314.1659
"2014","2814-20-2",152.1956
"2015","7788-98-9",152.0702
"2016","25646-77-9",292.3494
"2017","420-04-2",42.0402
"2018","3389-71-7",298.8108
"2019","8065-36-9",442.5972
"2020","5329-14-6",97.0886
"2021","20190-95-8",173.2546
"2022","611-06-3",192.0012
"2023","3558-69-8",231.2964
"2024","2028-63-9",70.0908
"2025","1327-41-9",133.3405
"2026","100-61-8",107.1548
"2027","60-35-5",59.0676
"2028","67-36-7",198.2208
"2029","67167-01-5",NA
"2030","79538-32-2",418.7382
"2031","1653-40-3",130.2296
"2032","10281-53-5",138.2522
"2033","51-79-6",89.0938
"2034","2224-44-4",188.226
"2035","513-78-0",172.4192
"2036","999-61-1",130.1432
"2037","67526-93-6",NA
"2038","110-73-6",89.137
"2039","926030-25-3",NA
"2040","112143-82-5",314.4018
"2041","88-04-0",156.6115
"2042","74223-64-6",381.3624
"2043","625-86-5",96.1286
"2044","70-30-4",406.9072
"2045","95-49-8",126.5853
"2046","20056-92-2",184.321
"2047","33693-04-8",225.293
"2048","16071-86-6",760.1035
"2049","1689-99-2",403.1128
"2050","109-01-3",100.1632
"2051","77-99-6",134.1748
"2052","563-47-3",90.5523
"2053","10476-85-4",266.6172
"2054","7379-35-3",150.0072
"2055","127-68-4",225.1511
"2056","81510-83-0",320.3906
"2057","26644-46-2",434.9642
"2058","68392-35-8",387.5206
"2059","2861-02-1",453.3502
"2060","34375-28-5",91.1096
"2061","30043-49-3",264.3168
"2062","142-82-5",100.2034
"2063","643-79-8",134.1342
"2064","74-88-4",141.9392
"2065","3281-96-7",401.0136
"2066","1313-27-5",143.9582
"2067","111-92-2",129.2448
"2068","3209-22-1",192.0012
"2069","15467-20-6",235.1039
"2070","629-40-3",136.1962
"2071","181314-88-5",NA
"2072","314-13-6",960.7945
"2073","109-64-8",201.8884
"2074","21564-17-0",238.3398
"2075","85-41-6",147.133
"2076","139-13-9",191.1402
"2077","75-74-1",267.3388
"2078","2460-49-3",193.0292
"2079","74115-24-5",303.15
"2080","8001-58-9",NA
"2081","4602-84-0",222.3698
"2082","98886-44-3",283.3399
"2083","634-66-2",215.8938
"2084","2905-69-3",205.0402
"2085","64043-24-9",NA
"2086","2370-63-0",158.1968
"2087","69-53-4",349.4038
"2088","52663-71-5",395.3267
"2089","95-82-9",162.0182
"2090","74565-67-6",NA
"2091","1928-45-6",335.2266
"2092","37841-25-1",NA
"2093","128639-02-1",412.1951
"2094","2634-33-5",151.1826
"2095","56996-91-9",NA
"2096","64618-64-0",NA
"2097","62046-37-1",234.0816
"2098","15950-66-0",197.4481
"2099","110-06-5",178.3502
"2100","163515-14-8",NA
"2101","628-76-2",141.04
"2102","103-23-1",370.5714
"2103","1064-48-8",616.4869
"2104","591-35-5",163.003
"2105","845-52-3",301.406
"2106","100-00-5",157.5561
"2107","64618-67-3",NA
"2108","4329-03-7",373.7059
"2109","99-87-6",134.2206
"2110","64-18-6",46.0256
"2111","27314-13-2",303.6708
"2112","8061-51-6",NA
"2113","1820-81-1",146.5329
"2114","6106-41-8",124.1147
"2115","106-50-3",108.1426
"2116","126-81-8",140.1816
"2117","573-56-8",184.108
"2118","3811-49-2",216.1911
"2119","75-36-5",78.4981
"2120","78-40-0",182.1559
"2121","1197379-18-2",NA
"2122","1302-42-7",81.9701
"2123","614-80-2",151.1646
"2124","51775-36-1",379.3679
"2125","195209-93-9",NA
"2126","88-73-3",157.5561
"2127","7783-36-0",296.6476
"2128","1066-30-4",229.1295
"2129","72027-02-2",NA
"2130","16484-77-8",214.6481
"2131","138757-71-8",NA
"2132","97-23-4",269.1268
"2133","586-62-9",136.2364
"2134","124-48-1",208.2799
"2135","7673-09-8",229.4559
"2136","56-37-1",227.7765
"2137","1634-04-4",88.1492
"2138","8004-05-5",160.1964
"2139","37337-13-6",NA
"2140","2443-39-2",315.4952
"2141","606-34-8",241.1166
"2142","72027-01-1",NA
"2143","104-90-5",121.1816
"2144","496-11-7",118.178
"2145","97-77-8",296.5214
"2146","50-06-6",232.2384
"2147","2227-17-0",474.64
"2148","58842-20-9",160.1904
"2149","443-48-1",171.1554
"2150","23950-58-5",256.131
"2151","13453-32-2",310.729
"2152","109-52-4",102.1328
"2153","76674-21-0",301.295
"2154","110-75-8",106.5517
"2155","103-69-5",121.1816
"2156","62441-54-7",429.6625
"2157","3204-27-1",282.2524
"2158","1315501-18-8",NA
"2159","35693-99-3",291.9914
"2160","56840-61-0",253.1708
"2161","32534-81-9",564.6909
"2162","103-65-1",120.1938
"2163","12135-76-1",68.1366
"2164","134-32-7",143.1878
"2165","55219-65-3",295.7681
"2166","1871-57-4",124.9974
"2167","19381-50-1",NA
"2168","6283-86-9",202.293
"2169","142-62-1",116.1596
"2170","6120-10-1",165.2346
"2171","1918-18-9",220.0548
"2172","79277-27-3",387.3846
"2173","28553-12-0",418.6154
"2174","98-82-8",120.1938
"2175","76560-69-5",NA
"2176","592-46-1",82.145
"2177","94-41-7",208.2592
"2178","2385-85-5",545.546
"2179","8066-08-8",NA
"2180","134605-64-4",474.8202
"2181","138-22-7",146.1858
"2182","122008-85-9",357.3807
"2183","107-10-8",59.1108
"2184","111-31-9",118.2366
"2185","8003-46-1",271.4439
"2186","122-99-6",138.1658
"2187","19549-98-5",140.2248
"2188","82-66-6",363.3674
"2189","589-90-2",112.2144
"2190","3923-52-2",208.2592
"2191","95-15-8",134.1954
"2192","14089-43-1",268.3281
"2193","119-65-3",129.161
"2194","98-00-0",98.1012
"2195","732-26-3",262.4344
"2196","372137-35-4",NA
"2197","637-07-0",242.7017
"2198","65-45-2",137.1378
"2199","15263-53-3",237.3344
"2200","161326-34-7",311.4008
"2201","31366-95-7",186.2287
"2202","96-80-0",145.2442
"2203","13067-93-1",303.3149
"2204","55792-61-5",263.379
"2205","81335-37-7",311.3396
"2206","95266-40-3",NA
"2207","554-84-7",139.1104
"2208","306-52-5",229.384
"2209","24579-73-5",224.7301
"2210","74871-40-2",NA
"2211","76738-62-0",587.591
"2212","5267-27-6",197.15
"2213","55-55-0",344.3818
"2214","75-47-8",393.7324
"2215","6359-98-4",551.2831
"2216","35694-08-7",429.7718
"2217","28001-58-3",247.3086
"2218","123-05-7",128.2138
"2219","70124-77-5",451.4688
"2220","6602-32-0",173.9967
"2221","141-82-2",104.0622
"2222","68439-46-3",NA
"2223","37324-23-5",NA
"2224","16060-78-9",264.3638
"2225","121-32-4",166.1762
"2226","1615-70-9",79.1012
"2227","53572-62-6",NA
"2228","1787-61-7",461.3805
"2229","134-62-3",191.2724
"2230","18472-87-2",829.6403
"2231","120116-88-3",324.7843
"2232","1198-55-6",247.8926
"2233","764-01-2",70.0908
"2234","115136-53-3",292.337
"2235","882-33-7",218.331
"2236","27983-69-3",NA
"2237","145607-53-0",NA
"2238","58-27-5",172.183
"2239","151-41-7",427.8326
"2240","52292-17-8",NA
"2241","53763-67-0",NA
"2242","607-00-1",197.236
"2243","591-89-9",382.8568
"2244","14324-55-1",361.9014
"2245","548-62-9",407.9851
"2246","111-25-1",165.0727
"2247","65281-76-7",334.8851
"2248","36551-21-0",172.2353
"2249","741-58-2",397.5017
"2250","78-87-5",112.9864
"2251","504-63-2",76.095
"2252","59587-38-1",466.255
"2253","1570-76-9",156.6115
"2254","161050-58-4",368.4748
"2255","1122-54-9",121.1384
"2256","77732-09-3",278.3072
"2257","63333-35-7",577.9342
"2258","50594-66-6",361.6612
"2259","63653-52-1",NA
"2260","9003-13-8",190.282
"2261","56863-89-9",NA
"2262","172521-84-5",NA
"2263","272451-65-7",682.3911
"2264","15165-67-0",235.0664
"2265","72-55-9",318.0292
"2266","71212-10-7",NA
"2267","5221-53-4",209.2906
"2268","19750-95-9",233.14
"2269","15673-00-4",101.1912
"2270","598-74-3",87.1644
"2271","52303-69-2",306.3912
"2272","115902-64-2",NA
"2273","106-51-4",108.0964
"2274","57-41-0",252.272
"2275","19044-88-3",346.3574
"2276","7420-89-5",262.2492
"2277","161026-34-2",NA
"2278","79-46-9",89.0938
"2279","71531-34-5",NA
"2280","59417-72-0",291.2149
"2281","556-61-6",73.1124
"2282","72490-01-8",301.3414
"2283","4199-10-4",295.8083
"2284","109-87-5",76.095
"2285","110-97-4",133.19
"2286","634-83-3",230.9084
"2287","120-92-3",84.1176
"2288","587-98-4",NA
"2289","1306-23-6",144.47
"2290","1332-65-6",NA
"2291","12616-36-3",NA
"2292","124-02-7",97.1596
"2293","28631-35-8",347.2808
"2294","780-69-8",240.3742
"2295","552-41-0",166.1762
"2296","7383-19-9",112.1712
"2297","10043-67-1",258.1947
"2298","29235-71-0",286.7577
"2299","7789-43-7",218.7412
"2300","100646-51-3",372.8073
"2301","588-59-0",180.2488
"2302","4655-34-9",128.1706
"2303","16118-49-3",236.27
"2304","1112-38-5",NA
"2305","72-56-0",307.262
"2306","498-66-8",94.156
"2307","179101-81-6",491.1207
"2308","122-39-4",169.2256
"2309","37680-65-2",257.5463
"2310","132-67-2",313.2875
"2311","23149-52-2",329.87
"2312","110-50-9",363.871
"2313","208465-21-8",503.501
"2314","123-92-2",130.1864
"2315","15708-41-5",367.0502
"2316","4301-50-2",258.2917
"2317","7632-05-5",358.1412
"2318","99-97-8",135.2084
"2319","50-21-5",90.0786
"2320","10202-92-3",197.15
"2321","80-56-8",136.2364
"2322","828-00-2",174.1962
"2323","121-46-0",92.1402
"2324","52769-67-2",217.7578
"2325","7747-35-5",143.1852
"2326","118-95-6",226.1884
"2327","18172-67-3",136.2364
"2328","100-46-9",107.1548
"2329","605-69-6",234.1678
"2330","59708-54-2",NA
"2331","113-48-4",275.39
"2332","18540-29-9",51.996
"2333","71-73-8",264.3173
"2334","34398-01-1",216.363
"2335","502-56-7",142.2406
"2336","5217-47-0",200.255
"2337","302578-96-7",NA
"2338","2282-34-0",221.2986
"2339","172520-88-6",NA
"2340","72-48-0",240.2148
"2341","178928-70-6",344.258
"2342","115-19-5",84.1176
"2343","823-04-1",404.6
"2344","134109-51-6",NA
"2345","283594-90-1",370.4876
"2346","102-71-6",149.1894
"2347","89-62-3",152.1524
"2348","57369-32-1",173.214
"2349","56896-76-5",200.6855
"2350","145701-21-9",406.2181
"2351","65281-77-8",369.3302
"2352","50933-14-7",NA
"2353","71265-70-8",NA
"2354","109-57-9",116.1806
"2355","50540-61-9",264.8889
"2356","578-54-1",121.1816
"2357","138789-86-3",NA
"2358","17904-27-7",266.3796
"2359","33442-83-0",373.3205
"2360","83-42-1",171.5829
"2361","12136-45-7",95.2033
"2362","2720-73-2",202.3703
"2363","87820-88-0",NA
"2364","96-23-1",128.9858
"2365","422556-08-9",NA
"2366","121451-02-3",529.1455
"2367","13762-51-1",NA
"2368","9011-70-5",106.441
"2369","152-11-4",491.0691
"2370","592-41-6",84.1608
"2371","13997-73-4",168.6225
"2372","172520-92-2",NA
"2373","101-27-9",258.1036
"2374","2527-66-4",165.2094
"2375","17754-90-4",193.245
"2376","287958-91-2",NA
"2377","2176-62-7",251.3267
"2378","495-54-5",212.2536
"2379","308079-26-7",NA
"2380","1126-79-0",150.22
"2381","541-85-5",128.2138
"2382","80-32-0",284.7197
"2383","685-91-6",115.1748
"2384","72231-04-0",NA
"2385","2642-71-9",345.3705
"2386","21351-39-3",158.1288
"2387","527-60-6",136.1932
"2388","10045-89-3",284.0388
"2389","3254-66-8",303.2511
"2390","2495-37-6",176.2146
"2391","527-20-8",265.3535
"2392","53763-38-5",NA
"2393","882-09-7",214.6481
"2394","2536-31-4",274.7031
"2395","7647-17-8",168.3584
"2396","13466-06-3",NA
"2397","58002-18-9",413.813
"2398","4654-26-6",390.5618
"2399","36335-67-8",332.3537
"2400","872-50-4",99.1322
"2401","287967-92-4",NA
"2402","309-43-3",260.2677
"2403","706-14-9",170.251
"2404","172521-37-8",NA
"2405","275-51-4",128.1732
"2406","626-93-7",102.176
"2407","72027-04-4",NA
"2408","35948-25-5",215.1678
"2409","2234-16-4",189.0408
"2410","621-42-1",151.1646
"2411","109-76-2",74.1254
"2412","5896-54-8",314.4579
"2413","653-37-2",196.0763
"2414","100-66-3",108.1396
"2415","6948-86-3",263.3764
"2416","2207-01-4",112.2144
"2417","7440-28-0",204.37
"2418","96-17-3",86.1334
"2419","53762-96-2",NA
"2420","1663-39-4",128.1706
"2421","138789-82-9",NA
"2422","10326-21-3",299.2986
"2423","55303-98-5",314.4668
"2424","75-85-4",88.1492
"2425","51811-79-1",362.4021
"2426","86386-73-4",306.2742
"2427","98-09-9",176.6173
"2428","3926-62-3",116.4794
"2429","1702-17-6",192.0012
"2430","43222-48-6",360.427
"2431","81335-77-5",289.3334
"2432","383-63-1",142.0775
"2433","129558-76-5",383.8767
"2434","81-82-3",342.7781
"2435","4779-86-6",112.1649
"2436","72026-97-2",NA
"2437","131-79-3",261.3256
"2438","3090-36-6",489.3478
"2439","291-64-5",98.1876
"2440","70225-91-1",NA
"2441","131-91-9",173.1708
"2442","7726-95-6",79.904
"2443","104098-48-8",275.3066
"2444","33360-84-8",NA
"2445","132-65-0",184.2552
"2446","56-57-5",190.158
"2447","76-13-1",187.3762
"2448","143-18-0",320.5555
"2449","34503-11-2",NA
"2450","2034-22-2",304.7663
"2451","23526-02-5",701.4907
"2452","2869-34-3",199.3788
"2453","97-99-4",102.1328
"2454","7440-62-2",50.9414
"2455","112-05-0",158.24
"2456","13597-44-9",145.4382
"2457","38380-07-3",360.8816
"2458","172521-52-7",NA
"2459","72-14-0",255.309
"2460","53763-70-5",NA
"2461","8012-55-3",NA
"2462","86091-22-7",NA
"2463","53239-78-4",NA
"2464","9003-27-4",56.1072
"2465","1948-33-0",166.2194
"2466","1197379-16-0",NA
"2467","791-28-6",278.2897
"2468","1161016-82-5",NA
"2469","56863-90-2",NA
"2470","6921-29-5",131.1768
"2471","95-80-7",122.1694
"2472","126851-28-3",NA
"2473","99607-70-2",335.8297
"2474","25606-41-1",224.7301
"2475","141517-21-7",408.3763
"2476","51222-40-3",NA
"2477","29122-68-7",266.3394
"2478","2312-35-8",350.472
"2479","5436-43-1",485.7948
"2480","6257-64-3",268.3608
"2481","174300-34-6",NA
"2482","165252-70-0",202.2126
"2483","110-43-0",114.187
"2484","120-21-8",177.2456
"2485","2961-68-4",315.0049
"2486","756-80-9",180.1517
"2487","553-97-9",122.1232
"2488","544-40-1",146.2902
"2489","16919-19-0",178.153
"2490","181274-17-9",418.2792
"2491","94125-34-5",419.3777
"2492","64618-71-9",NA
"2493","646-06-0",74.0792
"2494","818-61-1",116.1164
"2495","7292-16-2",304.3403
"2496","7212-44-4",222.3698
"2497","67614-33-9",419.9067
"2498","105726-67-8",185.3088
"2499","1520-78-1",287.7571
"2500","183675-82-3",NA
"2501","3486-35-9",125.3892
"2502","53-86-1",357.7927
"2503","64924-67-0",495.5975
"2504","149877-41-8",300.3566
"2505","77-71-4",128.1304
"2506","142-92-7",144.2132
"2507","7681-57-4",190.0965
"2508","4321-64-6",263.2045
"2509","818-72-4",126.198
"2510","2303-16-4",270.2164
"2511","18368-63-3",127.5731
"2512","28434-01-7",338.4456
"2513","1324-11-4",490.1498
"2514","121-44-8",101.1912
"2515","3944-76-1",114.187
"2516","139637-98-2",NA
"2517","83-59-0",362.4218
"2518","98-05-5",202.0411
"2519","7012-37-5",257.5463
"2520","58561-80-1",NA
"2521","25875-51-8",334.2072
"2522","2357-47-3",179.1168
"2523","865363-39-9",NA
"2524","37211-05-5",129.5994
"2525","58-14-0",248.7145
"2526","8075-74-9",NA
"2527","25322-69-4",134.1748
"2528","544-77-4",352.3412
"2529","110-94-1",132.1158
"2530","1965-09-9",202.2092
"2531","631-61-8",77.0828
"2532","6284-83-9",271.4439
"2533","1686-64-2",NA
"2534","24938-91-8",244.4166
"2535","8004-98-6",NA
"2536","10187-52-7",291.1087
"2537","172521-19-6",NA
"2538","37764-25-3",208.087
"2539","39290-50-1",NA
"2540","138757-76-3",NA
"2541","82692-44-2",431.3176
"2542","318-98-9",295.8083
"2543","110-19-0",116.1596
"2544","13209-15-9",421.7514
"2545","96182-53-5",318.3701
"2546","5221-49-8",305.3311
"2547","25321-22-6",147.0036
"2548","70887-84-2",NA
"2549","769-28-8",148.164
"2550","104-94-9",123.1542
"2551","10004-44-1",99.089
"2552","88-75-5",139.1104
"2553","130-22-3",342.2549
"2554","12771-68-5",256.3036
"2555","950-35-6",247.1439
"2556","8070-92-6",584.3785
"2557","64365-06-6",NA
"2558","100784-20-1",434.8105
"2559","868-85-9",109.0414
"2560","439-14-5",284.7445
"2561","65337-13-5",70.0908
"2562","626-17-5",128.133
"2563","75-56-9",58.0798
"2564","760-23-6",124.9974
"2565","9004-32-4",263.1994
"2566","127289-42-3",NA
"2567","2463-84-5",297.6496
"2568","3547-04-4",251.1548
"2569","6980-18-3",415.8271
"2570","13952-84-6",73.1376
"2571","38727-55-8",311.8077
"2572","127-06-0",73.0944
"2573","85977-73-7",NA
"2574","618-62-2",192.0012
"2575","64618-66-2",NA
"2576","103055-07-8",511.155
"2577","96-41-3",86.1334
"2578","950782-86-2",NA
"2579","3252-43-5",198.8446
"2580","156052-68-5",336.6449
"2581","544-92-3",89.5637
"2582","738-70-5",290.3212
"2583","153233-91-1",359.415
"2584","80-15-9",152.1926
"2585","16022-69-8",280.3651
"2586","15662-33-6",493.5528
"2587","60440-48-4",NA
"2588","79-10-7",72.0634
"2589","64618-63-9",NA
"2590","56863-93-5",NA
"2591","618-87-1",183.1232
"2592","58561-78-7",NA
"2593","103-90-2",151.1646
"2594","75534-59-7",NA
"2595","1937-37-7",NA
"2596","112-29-8",221.1799
"2597","761-65-9",157.2552
"2598","4316-42-1",124.1852
"2599","319-89-1",NA
"2600","107-29-9",NA
"2601","937-20-2",189.0408
"2602","108-94-1",98.1444
"2603","1689-83-4",370.9158
"2604","94-67-7",137.1378
"2605","74-89-5",31.0572
"2606","253-52-1",130.1488
"2607","105512-06-9",349.7454
"2608","20018-09-1",422.019
"2609","618-85-9",182.1354
"2610","90-59-5",279.9154
"2611","77-92-9",192.125
"2612","3813-05-6",243.6643
"2613","31502-57-5",205.6839
"2614","53558-25-1",NA
"2615","61-68-7",NA
"2616","57-43-2",NA
"2617","106-63-8",NA
"2618","116714-46-6",NA
"2619","101836-92-4",NA
"2620","16068-46-5",NA
"2621","51481-61-9",NA
"2622","133-32-4",NA
"2623","333-43-7",NA
"2624","302-95-4",NA
"2625","13863-31-5",NA
"2626","858956-08-8",NA
"2627","693-16-3",NA
"2628","56207-39-7",NA
"2629","29632-98-2",NA
"2630","83121-18-0",NA
"2631","1478-61-1",NA
"2632","57-68-1",NA
"2633","29553-26-2",NA
"2634","245367-77-5",NA
"2635","298-07-7",NA
"2636","140-01-2",NA
"2637","109-21-7",NA
"2638","2973-76-4",NA
"2639","6485-40-1",150.22
"2640","7778-74-7",138.5486
"2641","700-38-9",153.1372
"2642","15128-82-2",140.0982
"2643","149961-52-4",NA
"2644","56108-12-4",177.2456
"2645","39905-57-2",193.2882
"2646","327-98-0",333.5964
"2647","94-62-2",285.342
"2648","464-45-9",154.2516
"2649","56996-78-2",NA
"2650","7250-67-1",170.0814
"2651","23031-36-9",300.3968
"2652","107-45-9",129.2448
"2653","2467-02-9",200.2366
"2654","58138-08-2",320.4297
"2655","11096-42-7",518.216
"2656","141-33-3",172.2353
"2657","145701-23-1",NA
"2658","91-88-3",179.2614
"2659","110-80-5",90.1218
"2660","127289-58-1",NA
"2661","83-26-1",230.2628
"2662","125225-28-7",333.8601
"2663","72027-03-3",NA
"2664","56996-37-3",NA
"2665","101-81-5",168.2378
"2666","141-28-6",202.2498
"2667","83588-43-6",302.7578
"2668","7576-65-0",289.2898
"2669","60-24-2",78.1288
"2670","75-89-8",100.0403
"2671","512-56-1",140.0755
"2672","12264-18-5",330.3092
"2673","5138-90-9",214.5986
"2674","20824-56-0",326.3058
"2675","127277-53-6",NA
"2676","108-42-9",127.5731
"2677","14729-82-9",NA
"2678","1161016-80-3",NA
"2679","56864-03-0",NA
"2680","106-43-4",126.5853
"2681","75-50-3",59.1108
"2682","16672-87-0",144.4944
"2683","53780-34-0",310.2905
"2684","148-18-5",171.2505
"2685","52-53-9",454.6082
"2686","7704-34-9",34.0758
"2687","7779-90-0",386.0827
"2688","13390-47-1",686.6791
"2689","67254-71-1",NA
"2690","214710-34-6",NA
"2691","99-71-8",150.22
"2692","616-45-5",85.1054
"2693","5450-96-4",248.2224
"2694","1300-21-6",NA
"2695","1111-78-0",96.0858
"2696","103-84-4",135.1652
"2697","496-16-2",120.1506
"2698","55949-38-7",96.0884
"2699","67-45-8",225.1604
"2700","22037-97-4",178.3502
"2701","592-76-7",98.1876
"2702","518-75-2",250.2506
"2703","139-89-9",344.207
"2704","98-04-4",263.1208
"2705","1634-02-2",408.7358
"2706","68952-95-4",NA
"2707","124-18-5",142.2838
"2708","135590-91-9",NA
"2709","57987-02-7",NA
"2710","7784-40-9",347.1271
"2711","2859-67-8",137.181
"2712","583-53-9",235.9056
"2713","2425-66-3",123.5389
"2714","106-94-5",122.9923
"2715","447-60-9",171.1215
"2716","994-05-8",102.176
"2717","61966-36-7",227.4743
"2718","55-86-7",192.5155
"2719","18292-97-2",227.133
"2720","39638-32-9",171.0662
"2721","141-93-5",134.2206
"2722","84-62-8",318.3282
"2723","19406-51-0",197.15
"2724","4151-50-2",527.1957
"2725","95-71-6",124.139
"2726","66231-17-2",NA
"2727","26972-01-0",NA
"2728","64618-65-1",NA
"2729","2245-38-7",170.2536
"2730","502-39-6",NA
"2731","532-27-4",154.5957
"2732","13684-56-5",300.3134
"2733","104-76-7",130.2296
"2734","616-86-4",182.1786
"2735","91-66-7",149.2352
"2736","1413933-05-7",NA
"2737","59-06-3",237.2548
"2738","25550-58-7",NA
"2739","106-92-3",114.1438
"2740","110-16-7",116.0732
"2741","40465-66-5",169.0737
"2742","105-14-6",157.2552
"2743","51-21-8",130.0783
"2744","1080-32-6",228.2273
"2745","500-85-6",199.2086
"2746","666-84-2",288.4722
"2747","72027-05-5",NA
"2748","302-17-0",165.4035
"2749","64628-44-0",358.7038
"2750","144-49-0",78.0429
"2751","2386-53-0",272.3775
"2752","172521-57-2",NA
"2753","172520-86-4",NA
"2754","18854-01-8",313.3075
"2755","1694-09-3",733.8713
"2756","151-01-9",160.2899
"2757","10045-94-0",324.5998
"2758","15930-84-4",247.1439
"2759","172521-71-0",NA
"2760","2539-26-6",257.5005
"2761","31934-88-0",158.5841
"2762","4839-46-7",160.1694
"2763","71862-02-7",169.6103
"2764","163520-33-0",295.3372
"2765","2581-34-2",153.1372
"2766","22224-92-6",303.3555
"2767","104-43-8",262.4344
"2768","54812-31-6",307.2143
"2769","141-53-7",68.0075
"2770","61949-77-7",391.2932
"2771","609-89-2",208.0006
"2772","37220-35-2",NA
"2773","1302-78-9",NA
"2774","123-96-6",130.2296
"2775","2835-99-6",123.1542
"2776","25769-03-3",171.2505
"2777","1058-92-0",518.8076
"2778","93-79-8",311.5919
"2779","65996-78-3",NA
"2780","95-16-9",135.1832
"2781","2074-67-1",126.0487
"2782","75603-06-4",NA
"2783","7398-69-8",161.6741
"2784","1647-16-1",138.2522
"2785","60-09-3",197.239
"2786","513-81-5",82.145
"2787","506-68-3",105.9217
"2788","7345-69-9",186.2305
"2789","55635-13-7",345.3701
"2790","138757-72-9",NA
"2791","39412-51-6",NA
"2792","3344-14-7",277.2313
"2793","57960-19-7",384.5144
"2794","4654-18-6",390.5618
"2795","83713-16-0",NA
"2796","110-93-0",126.198
"2797","16941-12-1",409.8238
"2798","37228-47-0",NA
"2799","7439-96-5",54.938
"2800","29385-43-1",133.1524
"2801","56-81-5",92.0944
"2802","591-78-6",100.1602
"2803","56863-99-1",NA
"2804","825-90-1",196.1529
"2805","57-33-0",248.2567
"2806","100-71-0",107.1548
"2807","138757-63-8",NA
"2808","172520-73-9",NA
"2809","5464-71-1",202.293
"2810","100092-74-8",NA
"2811","2985-59-3",382.5418
"2812","271-89-6",118.1348
"2813","68140-48-7",258.4028
"2814","73561-16-7",NA
"2815","96-05-9",126.1548
"2816","4117-14-0",154.2516
"2817","59417-73-1",293.2307
"2818","6416-68-8",449.4585
"2819","75-04-7",45.084
"2820","123-42-2",116.1596
"2821","34911-46-1",199.5933
"2822","16530-58-8",NA
"2823","95-87-4",122.1664
"2824","629-19-6",150.2966
"2825","1129-35-7",161.1598
"2826","53-96-3",223.2738
"2827","13963-58-1",332.3334
"2828","525-82-6",222.2428
"2829","53763-61-4",NA
"2830","13350-71-5",364.9132
"2831","615-65-6",141.5999
"2832","623-05-2",124.139
"2833","172521-20-9",NA
"2834","619-80-7",166.136
"2835","16637-16-4",NA
"2836","60463-12-9",169.1366
"2837","62-56-6",76.116
"2838","109-75-1",67.0902
"2839","20662-84-4",111.1432
"2840","53404-60-7",184.2493
"2841","63148-69-6",NA
"2842","7681-11-0",166.0025
"2843","11138-66-2",NA
"2844","10457-66-6",246.3486
"2845","172521-43-6",NA
"2846","2782-91-4",132.2232
"2847","846-70-8",335.2
"2848","71283-80-2",361.7811
"2849","150-38-9",412.2362
"2850","37222-66-5",462.58
"2851","72026-98-3",NA
"2852","4904-61-4",162.2742
"2853","577-19-5",202.0071
"2854","28711-29-7",126.0945
"2855","13814-96-5",NA
"2856","56392-17-7",684.8226
"2857","7790-98-9",117.4889
"2858","89-68-9",184.6651
"2859","7803-57-8",50.0602
"2860","1224510-29-5",NA
"2861","68439-70-3",269.5128
"2862","139968-49-3",NA
"2863","107-14-2",75.4975
"2864","138757-73-0",NA
"2865","63821-86-3",665.6151
"2866","55-21-0",121.1384
"2867","62852-89-5",NA
"2868","78-00-2",323.446
"2869","120068-36-2",453.1456
"2870","70343-06-5",197.15
"2871","136-85-6",133.1524
"2872","111-26-2",101.1912
"2873","53763-42-1",NA
"2874","868-77-9",130.1432
"2875","32536-52-0",801.3792
"2876","52038-48-9",NA
"2877","98-33-9",187.213
"2878","2216-51-5",156.2674
"2879","813-78-5",126.0487
"2880","111-47-7",118.2366
"2881","88-68-6",136.153
"2882","1928-43-4",333.254
"2883","19480-43-4",300.7815
"2884","789-02-6",354.4901
"2885","120-07-0",181.234
"2886","928-97-2",100.1602
"2887","131-55-5",246.219
"2888","12738-46-4",NA
"2889","63148-62-9",NA
"2890","3212-28-0",NA
"2891","475-20-7",204.3546
"2892","57-62-5",515.3462
"2893","12124-97-9",97.9423
"2894","134-30-5",337.2854
"2895","35065-27-1",360.8816
"2896","54910-89-3",309.3305
"2897","532-34-3",226.2718
"2898","2416-94-6",136.1932
"2899","6266-23-5",173.5987
"2900","590-86-3",86.1334
"2901","108-73-6",126.1116
"2902","1161016-86-9",NA
"2903","188425-85-6",343.2116
"2904","69770-23-6",254.328
"2905","172520-89-7",NA
"2906","525-66-6",259.3474
"2907","156-54-7",110.0879
"2908","7790-59-2",221.1536
"2909","932-16-1",123.1542
"2910","7790-58-1",253.7942
"2911","3547-33-9",190.3432
"2912","872-31-1",163.0317
"2913","36001-88-4",304.3001
"2914","85-84-7",247.2988
"2915","112-53-8",186.3368
"2916","26148-68-5",183.2122
"2917","7209-38-3",200.3264
"2918","66829-03-6",NA
"2919","172521-27-6",NA
"2920","70901-12-1",NA
"2921","95-63-6",120.1938
"2922","138757-64-9",NA
"2923","22555-16-4",NA
"2924","116255-48-2",377.0673
"2925","91-15-6",128.133
"2926","470-82-6",154.2516
"2927","10026-11-6",233.032
"2928","123-38-6",58.0798
"2929","98-51-1",148.2474
"2930","616-73-9",198.1348
"2931","629-04-9",179.0995
"2932","105-99-7",258.357
"2933","126602-90-2",NA
"2934","42874-03-3",361.7044
"2935","75-31-0",59.1108
"2936","13927-77-0",467.4292
"2937","108-11-2",102.176
"2938","81103-11-9",747.962
"2939","86090-90-6",NA
"2940","2759-28-6",408.4072
"2941","3734-48-3",338.8754
"2942","500-22-1",107.1116
"2943","57017-75-1",NA
"2944","545-55-1",173.1541
"2945","25482-49-9",NA
"2946","85509-19-9",315.3974
"2947","87-91-2",206.195
"2948","61096-84-2",236.3102
"2949","593-08-8",198.3478
"2950","17584-12-2",124.145
"2951","6636-78-8",129.5457
"2952","108-80-5",129.075
"2953","138789-53-4",NA
"2954","575-41-7",156.2268
"2955","3663-24-9",NA
"2956","140-89-6",160.2899
"2957","570-24-1",152.1524
"2958","22104-62-7",129.2016
"2959","51200-87-4",101.148
"2960","598-02-7",154.1023
"2961","104-13-2",149.2352
"2962","66829-04-7",NA
"2963","106-95-6",120.9765
"2964","96-29-7",87.1212
"2965","7705-07-9",189.712
"2966","1982-42-9",220.0548
"2967","53988-71-9",NA
"2968","21145-77-7",258.4028
"2969","112226-61-6",330.8133
"2970","112-02-7",320.0005
"2971","100-64-1",113.159
"2972","120-62-7",324.4774
"2973","3033-77-0",151.6357
"2974","5372-81-6",209.2012
"2975","506-96-7",122.9491
"2976","5471-08-9",340.4366
"2977","97-64-3",118.1322
"2978","87-62-7",121.1816
"2979","75-65-0",74.1224
"2980","30406-18-9",145.201
"2981","620-88-2",215.208
"2982","172521-35-6",NA
"2983","97780-06-8",410.4038
"2984","172521-73-2",NA
"2985","123-25-1",174.1962
"2986","138790-63-3",NA
"2987","33704-61-9",206.3272
"2988","9000-30-0",NA
"2989","2439-77-2",151.1646
"2990","7377-03-9",159.2278
"2991","14402-89-2",261.9211
"2992","172521-58-3",NA
"2993","120786-56-3",NA
"2994","1929-86-8",252.7382
"2995","1439-07-2",196.2482
"2996","59417-74-2",275.1543
"2997","66594-33-0",NA
"2998","113136-77-9",274.103
"2999","97502-63-1",NA
"3000","110-49-6",118.1322
"3001","72963-72-5",318.3718
"3002","514-10-3",302.4558
"3003","933-78-8",197.4481
"3004","57465-28-8",326.4365
"3005","120067-83-6",NA
"3006","1686-59-5",NA
"3007","172521-30-1",NA
"3008","56348-40-4",178.3502
"3009","108-21-4",102.1328
"3010","26027-38-3",264.407
"3011","118-93-4",136.15
"3012","1066-51-9",111.0371
"3013","28804-88-8",156.2268
"3014","1520-77-0",308.1754
"3015","160-02-1",NA
"3016","12125-01-8",57.043
"3017","14299-51-5",255.4847
"3018","126-22-7",327.5284
"3019","87-72-9",150.131
"3020","603-86-1",173.5555
"3021","504-29-0",94.1158
"3022","135285-90-4",NA
"3023","126535-15-7",492.4289
"3024","64618-70-8",NA
"3025","123-01-3",246.435
"3026","7533-79-1",441.0473
"3027","85-44-9",148.1178
"3028","8011-76-5",NA
"3029","563-80-4",86.1334
"3030","78565-30-7",NA
"3031","53763-11-4",NA
"3032","616-72-8",196.1622
"3033","66558-68-7",277.1701
"3034","302578-97-8",NA
"3035","7132-27-6",216.7101
"3036","27176-93-8",308.46
"3037","138757-65-0",NA
"3038","20668-33-1",157.2146
"3039","2232-08-8",222.2612
"3040","16984-48-8",18.9984
"3041","77-06-5",346.3792
"3042","864076-54-0",NA
"3043","812-70-4",NA
"3044","20679-58-7",329.9726
"3045","66860-80-8",448.2581
"3046","99-51-4",151.1646
"3047","578-46-1",152.1524
"3048","17781-31-6",330.2128
"3049","60-13-9",368.4902
"3050","459-59-6",125.1453
"3051","610-37-7",183.1202
"3052","34274-04-9",269.34
"3053","4798-44-1",100.1602
"3054","7699-45-8",225.188
"3055","53763-10-3",NA
"3056","3148-72-9",322.2712
"3057","7440-36-0",243.5
"3058","123-15-9",100.1602
"3059","471-34-1",100.0892
"3060","1162-65-8",312.2782
"3061","135-01-3",134.2206
"3062","172521-36-7",NA
"3063","79124-76-8",267.111
"3064","112-20-9",179.7325
"3065","54739-18-3",318.3383
"3066","10543-57-4",228.2474
"3067","544-18-3",148.9686
"3068","2138-22-9",144.5573
"3069","53763-56-7",NA
"3070","79-31-2",88.106
"3071","16893-85-9",188.0559
"3072","73606-19-6",NA
"3073","109-59-1",104.1486
"3074","7440-56-4",72.59
"3075","3090-35-5",571.4928
"3076","70-69-9",149.192
"3077","111-86-4",129.2448
"3078","2465-27-2",303.8339
"3079","6175-49-1",184.321
"3080","1072-97-5",173.0119
"3081","25319-82-8",NA
"3082","111-30-8",100.117
"3083","635-93-8",156.5683
"3084","73263-81-7",NA
"3085","61977-06-8",244.3328
"3086","1421-14-3",337.415
"3087","95328-23-7",NA
"3088","120-51-4",212.2476
"3089","95-77-2",163.003
"3090","764-13-6",110.1986
"3091","25646-71-3",836.9738
"3092","53763-53-4",NA
"3093","33323-93-2",338.8754
"3094","72027-00-0",NA
"3095","7307-55-3",171.3252
"3096","12071-83-9",289.7516
"3097","15541-45-4",127.9022
"3098","30030-25-2",152.6231
"3099","5395-75-5",150.2966
"3100","693-98-1",82.1048
"3101","103-76-4",130.1894
"3102","130-20-1",511.3198
"3103","54650-57-6",NA
"3104","13608-87-2",223.4859
"3105","172521-64-1",NA
"3106","27541-88-4",318.5433
"3107","16039-53-5",245.5372
"3108","51142-62-2",NA
"3109","96-13-9",217.8878
"3110","100-37-8",117.1906
"3111","1161016-84-7",NA
"3112","621-08-9",230.324
"3113","1891-95-8",188.0128
"3114","108-89-4",93.128
"3115","375-22-4",214.0395
"3116","100-63-0",144.6035
"3117","13601-19-9",303.9123
"3118","2122-70-5",214.2634
"3119","15323-35-0",244.376
"3120","561056-62-0",NA
"3121","186825-36-5",NA
"3122","114247-09-5",NA
"3123","123-34-2",132.159
"3124","95-68-1",121.1816
"3125","3452-97-9",144.2564
"3126","591-27-5",109.1274
"3127","12030-91-0",268.0441
"3128","26952-20-5",353.6753
"3129","2012-00-2",307.2421
"3130","7439-91-0",138.9055
"3131","54812-32-7",291.1537
"3132","1482-15-1",112.1712
"3133","15045-43-9",128.2138
"3134","138790-38-2",NA
"3135","112-50-5",178.2278
"3136","75-52-5",61.0402
"3137","7637-07-2",67.8052
"3138","102-08-9",228.3112
"3139","485-49-4",367.3574
"3140","13450-90-3",176.079
"3141","172520-83-1",NA
"3142","607-81-8",250.2938
"3143","822-86-6",153.051
"3144","619-72-7",148.1208
"3145","21923-23-9",361.2375
"3146","14548-45-9",262.1053
"3147","244094-40-4",NA
"3148","8000-29-1",NA
"3149","335-76-2",514.0863
"3150","78-70-6",154.2516
"3151","57808-65-8",663.0798
"3152","609-19-8",197.4481
"3153","118-52-5",197.0206
"3154","107-87-9",86.1334
"3155","103-82-2",136.15
"3156","25265-71-8",134.1748
"3157","589-09-3",133.1926
"3158","64618-69-5",NA
"3159","939-23-1",155.1988
"3160","25338-51-6",160.2584
"3161","54576-32-8",178.3502
"3162","5683-33-0",122.1694
"3163","13462-86-7",233.3976
"3164","137-19-9",179.0024
"3165","2051-79-8",214.7375
"3166","108-86-1",157.0095
"3167","1321-94-4",142.2
"3168","387-45-1",158.5594
"3169","3206-31-3",233.2206
"3170","119364-85-1",NA
"3171","102-27-2",135.2084
"3172","67487-87-0",477.7442
"3173","172521-70-9",NA
"3174","123-03-5",339.9909
"3175","1484-26-0",199.2518
"3176","683-72-7",127.9578
"3177","141-91-3",115.1748
"3178","13673-92-2",179.0024
"3179","112-36-7",162.2284
"3180","14548-46-0",183.2092
"3181","693-93-6",83.0896
"3182","32289-58-0",NA
"3183","5598-15-2",334.523
"3184","874-42-0",175.014
"3185","1945-53-5",302.4558
"3186","79-77-6",192.3004
"3187","14433-76-2",199.3356
"3188","96-12-8",236.3335
"3189","103-83-3",135.2084
"3190","62-55-5",75.1282
"3191","37529-30-9",233.396
"3192","140-11-4",150.1768
"3193","111991-09-4",410.4038
"3194","53763-34-1",NA
"3195","3380-30-1",255.1
"3196","103-05-9",164.2468
"3197","14008-58-3",221.2584
"3198","53762-97-3",NA
"3199","52316-55-9",289.1841
"3200","499-83-2",167.1208
"3201","68-11-1",92.1124
